Character,Unicode hex
"'","U+0027"
"-","U+002D"
".","U+002E"
"7","U+0037"
":","U+003A"
"A","U+0041"
"B","U+0042"
"C","U+0043"
"D","U+0044"
"E","U+0045"
"H","U+0048"
"I","U+0049"
"J","U+004A"
"K","U+004B"
"L","U+004C"
"M","U+004D"
"N","U+004E"
"O","U+004F"
"P","U+0050"
"Q","U+0051"
"S","U+0053"
"T","U+0054"
"U","U+0055"
"W","U+0057"
"X","U+0058"
"Y","U+0059"
"Z","U+005A"
"a","U+0061"
"b","U+0062"
"c","U+0063"
"d","U+0064"
"e","U+0065"
"f","U+0066"
"g","U+0067"
"h","U+0068"
"i","U+0069"
"j","U+006A"
"k","U+006B"
"l","U+006C"
"m","U+006D"
"n","U+006E"
"o","U+006F"
"p","U+0070"
"q","U+0071"
"r","U+0072"
"s","U+0073"
"t","U+0074"
"u","U+0075"
"v","U+0076"
"w","U+0077"
"x","U+0078"
"y","U+0079"
"z","U+007A"
"¢","U+00A2"
"°","U+00B0"
"·","U+00B7"
"Á","U+00C1"
"Í","U+00CD"
"à","U+00E0"
"á","U+00E1"
"â","U+00E2"
"ä","U+00E4"
"æ","U+00E6"
"è","U+00E8"
"é","U+00E9"
"ê","U+00EA"
"ë","U+00EB"
"ì","U+00EC"
"í","U+00ED"
"î","U+00EE"
"ï","U+00EF"
"ò","U+00F2"
"ó","U+00F3"
"ô","U+00F4"
"ù","U+00F9"
"ú","U+00FA"
"û","U+00FB"
"ü","U+00FC"
"ÿ","U+00FF"
"ā","U+0101"
"ą","U+0105"
"Ć","U+0106"
"č","U+010D"
"ē","U+0113"
"ę","U+0119"
"ě","U+011B"
"ħ","U+0127"
"ī","U+012B"
"į","U+012F"
"ı","U+0131"
"ł","U+0142"
"ŋ","U+014B"
"ō","U+014D"
"Ś","U+015A"
"ŝ","U+015D"
"š","U+0161"
"Ŧ","U+0166"
"ū","U+016B"
"ų","U+0173"
"ŵ","U+0175"
"ƛ","U+019B"
"Ɵ","U+019F"
"ǂ","U+01C2"
"ǎ","U+01CE"
"ǐ","U+01D0"
"ǒ","U+01D2"
"ǔ","U+01D4"
"ǝ","U+01DD"
"ǥ","U+01E5"
"ǧ","U+01E7"
"ǫ","U+01EB"
"ǭ","U+01ED"
"ǰ","U+01F0"
"Ⱥ","U+023A"
"Ȼ","U+023B"
"Ƚ","U+023D"
"Ⱦ","U+023E"
"ɂ","U+0242"
"ɔ","U+0254"
"ə","U+0259"
"ɛ","U+025B"
"ɣ","U+0263"
"ɨ","U+0268"
"ɩ","U+0269"
"ɫ","U+026B"
"ɬ","U+026C"
"ʊ","U+028A"
"ʔ","U+0294"
"ʕ","U+0295"
"ʣ","U+02A3"
"ʷ","U+02B7"
"ʸ","U+02B8"
"ʼ","U+02BC"
"ˀ","U+02C0"
"ˈ","U+02C8"
"̀","U+0300"
"́","U+0301"
"̂","U+0302"
"̄","U+0304"
"̈","U+0308"
"̌","U+030C"
"̓","U+0313"
"̕","U+0315"
"̣","U+0323"
"̨","U+0328"
"̱","U+0331"
"̲","U+0332"
"θ","U+03B8"
"λ","U+03BB"
"χ","U+03C7"
"ᐁ","U+1401"
"ᐃ","U+1403"
"ᐄ","U+1404"
"ᐅ","U+1405"
"ᐆ","U+1406"
"ᐊ","U+140A"
"ᐋ","U+140B"
"ᐟ","U+141F"
"ᐠ","U+1420"
"ᐢ","U+1422"
"ᐣ","U+1423"
"ᐤ","U+1424"
"ᐦ","U+1426"
"ᐧ","U+1427"
"ᐨ","U+1428"
"ᐩ","U+1429"
"ᐯ","U+142F"
"ᐱ","U+1431"
"ᐲ","U+1432"
"ᐳ","U+1433"
"ᐴ","U+1434"
"ᐸ","U+1438"
"ᐹ","U+1439"
"ᑉ","U+1449"
"ᑊ","U+144A"
"ᑌ","U+144C"
"ᑎ","U+144E"
"ᑏ","U+144F"
"ᑐ","U+1450"
"ᑑ","U+1451"
"ᑕ","U+1455"
"ᑖ","U+1456"
"ᑦ","U+1466"
"ᑫ","U+146B"
"ᑭ","U+146D"
"ᑮ","U+146E"
"ᑯ","U+146F"
"ᑰ","U+1470"
"ᑲ","U+1472"
"ᑳ","U+1473"
"ᒃ","U+1483"
"ᒉ","U+1489"
"ᒋ","U+148B"
"ᒌ","U+148C"
"ᒍ","U+148D"
"ᒎ","U+148E"
"ᒐ","U+1490"
"ᒑ","U+1491"
"ᒡ","U+14A1"
"ᒣ","U+14A3"
"ᒥ","U+14A5"
"ᒦ","U+14A6"
"ᒧ","U+14A7"
"ᒨ","U+14A8"
"ᒪ","U+14AA"
"ᒫ","U+14AB"
"ᒻ","U+14BB"
"ᒼ","U+14BC"
"ᓀ","U+14C0"
"ᓂ","U+14C2"
"ᓃ","U+14C3"
"ᓄ","U+14C4"
"ᓅ","U+14C5"
"ᓇ","U+14C7"
"ᓈ","U+14C8"
"ᓐ","U+14D0"
"ᓬ","U+14EC"
"ᓭ","U+14ED"
"ᓯ","U+14EF"
"ᓰ","U+14F0"
"ᓱ","U+14F1"
"ᓲ","U+14F2"
"ᓴ","U+14F4"
"ᓵ","U+14F5"
"ᔅ","U+1505"
"ᔐ","U+1510"
"ᔑ","U+1511"
"ᔒ","U+1512"
"ᔓ","U+1513"
"ᔔ","U+1514"
"ᔕ","U+1515"
"ᔖ","U+1516"
"ᔥ","U+1525"
"ᔦ","U+1526"
"ᔨ","U+1528"
"ᔩ","U+1529"
"ᔪ","U+152A"
"ᔫ","U+152B"
"ᔭ","U+152D"
"ᔮ","U+152E"
"ᔾ","U+153E"
"ᕒ","U+1552"
"᙮","U+166E"
"ᶻ","U+1DBB"
"ᶿ","U+1DBF"
"ḗ","U+1E17"
"ḡ","U+1E21"
"ḥ","U+1E25"
"Ḱ","U+1E30"
"Ḵ","U+1E34"
"ḵ","U+1E35"
"ḷ","U+1E37"
"ṃ","U+1E43"
"ṇ","U+1E47"
"Ṉ","U+1E48"
"ṓ","U+1E53"
"ṣ","U+1E63"
"Ṯ","U+1E6E"
"ẅ","U+1E85"
"ẑ","U+1E91"
"ẕ","U+1E95"
"ị","U+1ECB"
"’","U+2019"
"₭","U+20AD"
