Character,NFD Code Points,NFC Code Points
"'","U+0027","U+0027"
"'a","U+0027 U+0061","U+0027 U+0061"
"'e","U+0027 U+0065","U+0027 U+0065"
"'i","U+0027 U+0069","U+0027 U+0069"
"'l","U+0027 U+006C","U+0027 U+006C"
"'m","U+0027 U+006D","U+0027 U+006D"
"'n","U+0027 U+006E","U+0027 U+006E"
"'o","U+0027 U+006F","U+0027 U+006F"
"'u","U+0027 U+0075","U+0027 U+0075"
"'w","U+0027 U+0077","U+0027 U+0077"
"'y","U+0027 U+0079","U+0027 U+0079"
"'ẅ","U+0027 U+0077 U+0308","U+0027 U+1E85"
"-","U+002D","U+002D"
".","U+002E","U+002E"
"7","U+0037","U+0037"
":","U+003A","U+003A"
"A","U+0041","U+0041"
"B","U+0042","U+0042"
"C","U+0043","U+0043"
"D","U+0044","U+0044"
"E","U+0045","U+0045"
"EE","U+0045 U+0045","U+0045 U+0045"
"H","U+0048","U+0048"
"I","U+0049","U+0049"
"J","U+004A","U+004A"
"K","U+004B","U+004B"
"Kw","U+004B U+0077","U+004B U+0077"
"K̲","U+004B U+0332","U+004B U+0332"
"K̲w","U+004B U+0332 U+0077","U+004B U+0332 U+0077"
"L","U+004C","U+004C"
"M","U+004D","U+004D"
"N","U+004E","U+004E"
"O","U+004F","U+004F"
"OO","U+004F U+004F","U+004F U+004F"
"P","U+0050","U+0050"
"Q","U+0051","U+0051"
"S","U+0053","U+0053"
"T","U+0054","U+0054"
"TL","U+0054 U+004C","U+0054 U+004C"
"TS","U+0054 U+0053","U+0054 U+0053"
"U","U+0055","U+0055"
"W","U+0057","U+0057"
"W̱","U+0057 U+0331","U+0057 U+0331"
"X","U+0058","U+0058"
"X̱","U+0058 U+0331","U+0058 U+0331"
"Y","U+0059","U+0059"
"Z","U+005A","U+005A"
"a","U+0061","U+0061"
"a:","U+0061 U+003A","U+0061 U+003A"
"aa","U+0061 U+0061","U+0061 U+0061"
"aaw","U+0061 U+0061 U+0077","U+0061 U+0061 U+0077"
"aay","U+0061 U+0061 U+0079","U+0061 U+0061 U+0079"
"ae","U+0061 U+0065","U+0061 U+0065"
"ah","U+0061 U+0068","U+0061 U+0068"
"ai","U+0061 U+0069","U+0061 U+0069"
"ai’","U+0061 U+0069 U+2019","U+0061 U+0069 U+2019"
"an","U+0061 U+006E","U+0061 U+006E"
"ang","U+0061 U+006E U+0067","U+0061 U+006E U+0067"
"ao","U+0061 U+006F","U+0061 U+006F"
"aw","U+0061 U+0077","U+0061 U+0077"
"ay","U+0061 U+0079","U+0061 U+0079"
"a·","U+0061 U+00B7","U+0061 U+00B7"
"aó","U+0061 U+006F U+0301","U+0061 U+00F3"
"aˈa","U+0061 U+02C8 U+0061","U+0061 U+02C8 U+0061"
"a̓","U+0061 U+0313","U+0061 U+0313"
"a̱","U+0061 U+0331","U+0061 U+0331"
"a̱a̱","U+0061 U+0331 U+0061 U+0331","U+0061 U+0331 U+0061 U+0331"
"a̱ˈa̱","U+0061 U+0331 U+02C8 U+0061 U+0331","U+0061 U+0331 U+02C8 U+0061 U+0331"
"a’","U+0061 U+2019","U+0061 U+2019"
"b","U+0062","U+0062"
"b̓","U+0062 U+0313","U+0062 U+0313"
"c","U+0063","U+0063"
"c'","U+0063 U+0027","U+0063 U+0027"
"ch","U+0063 U+0068","U+0063 U+0068"
"ch'","U+0063 U+0068 U+0027","U+0063 U+0068 U+0027"
"chʼ","U+0063 U+0068 U+02BC","U+0063 U+0068 U+02BC"
"ch̕","U+0063 U+0068 U+0315","U+0063 U+0068 U+0315"
"ch’","U+0063 U+0068 U+2019","U+0063 U+0068 U+2019"
"cw","U+0063 U+0077","U+0063 U+0077"
"c̓","U+0063 U+0313","U+0063 U+0313"
"c̓h","U+0063 U+0313 U+0068","U+0063 U+0313 U+0068"
"c̣","U+0063 U+0323","U+0063 U+0323"
"c’","U+0063 U+2019","U+0063 U+2019"
"d","U+0064","U+0064"
"ddh","U+0064 U+0064 U+0068","U+0064 U+0064 U+0068"
"dh","U+0064 U+0068","U+0064 U+0068"
"dl","U+0064 U+006C","U+0064 U+006C"
"dz","U+0064 U+007A","U+0064 U+007A"
"dł","U+0064 U+0142","U+0064 U+0142"
"d̓","U+0064 U+0313","U+0064 U+0313"
"d̲z̲","U+0064 U+0332 U+007A U+0332","U+0064 U+0332 U+007A U+0332"
"dᶻ","U+0064 U+1DBB","U+0064 U+1DBB"
"dẑ","U+0064 U+007A U+0302","U+0064 U+1E91"
"dẕ","U+0064 U+007A U+0331","U+0064 U+1E95"
"e","U+0065","U+0065"
"e:","U+0065 U+003A","U+0065 U+003A"
"ea","U+0065 U+0061","U+0065 U+0061"
"ee","U+0065 U+0065","U+0065 U+0065"
"ei","U+0065 U+0069","U+0065 U+0069"
"ey","U+0065 U+0079","U+0065 U+0079"
"eˈe","U+0065 U+02C8 U+0065","U+0065 U+02C8 U+0065"
"e̱","U+0065 U+0331","U+0065 U+0331"
"e’","U+0065 U+2019","U+0065 U+2019"
"f","U+0066","U+0066"
"g","U+0067","U+0067"
"gg","U+0067 U+0067","U+0067 U+0067"
"ggw","U+0067 U+0067 U+0077","U+0067 U+0067 U+0077"
"gh","U+0067 U+0068","U+0067 U+0068"
"ghw","U+0067 U+0068 U+0077","U+0067 U+0068 U+0077"
"gv","U+0067 U+0076","U+0067 U+0076"
"gw","U+0067 U+0077","U+0067 U+0077"
"gy","U+0067 U+0079","U+0067 U+0079"
"g°","U+0067 U+00B0","U+0067 U+00B0"
"gʷ","U+0067 U+02B7","U+0067 U+02B7"
"gʸ","U+0067 U+02B8","U+0067 U+02B8"
"g̓","U+0067 U+0313","U+0067 U+0313"
"g̓w","U+0067 U+0313 U+0077","U+0067 U+0313 U+0077"
"g̱","U+0067 U+0331","U+0067 U+0331"
"g̱w","U+0067 U+0331 U+0077","U+0067 U+0331 U+0077"
"g̲","U+0067 U+0332","U+0067 U+0332"
"h","U+0068","U+0068"
"hh","U+0068 U+0068","U+0068 U+0068"
"hl","U+0068 U+006C","U+0068 U+006C"
"hll","U+0068 U+006C U+006C","U+0068 U+006C U+006C"
"hw","U+0068 U+0077","U+0068 U+0077"
"h̓","U+0068 U+0313","U+0068 U+0313"
"h̲h̲","U+0068 U+0332 U+0068 U+0332","U+0068 U+0332 U+0068 U+0332"
"i","U+0069","U+0069"
"i:","U+0069 U+003A","U+0069 U+003A"
"ii","U+0069 U+0069","U+0069 U+0069"
"i·","U+0069 U+00B7","U+0069 U+00B7"
"iˈi","U+0069 U+02C8 U+0069","U+0069 U+02C8 U+0069"
"i̓","U+0069 U+0313","U+0069 U+0313"
"i̱","U+0069 U+0331","U+0069 U+0331"
"i’","U+0069 U+2019","U+0069 U+2019"
"j","U+006A","U+006A"
"k","U+006B","U+006B"
"k'","U+006B U+0027","U+006B U+0027"
"k'w","U+006B U+0027 U+0077","U+006B U+0027 U+0077"
"k'y","U+006B U+0027 U+0079","U+006B U+0027 U+0079"
"kh","U+006B U+0068","U+006B U+0068"
"khw","U+006B U+0068 U+0077","U+006B U+0068 U+0077"
"kv","U+006B U+0076","U+006B U+0076"
"kw","U+006B U+0077","U+006B U+0077"
"kw'","U+006B U+0077 U+0027","U+006B U+0077 U+0027"
"kw̕","U+006B U+0077 U+0315","U+006B U+0077 U+0315"
"kw’","U+006B U+0077 U+2019","U+006B U+0077 U+2019"
"ky","U+006B U+0079","U+006B U+0079"
"k°","U+006B U+00B0","U+006B U+00B0"
"kʷ","U+006B U+02B7","U+006B U+02B7"
"kʸ","U+006B U+02B8","U+006B U+02B8"
"kʼ","U+006B U+02BC","U+006B U+02BC"
"kʼw","U+006B U+02BC U+0077","U+006B U+02BC U+0077"
"kˈ","U+006B U+02C8","U+006B U+02C8"
"kˈw","U+006B U+02C8 U+0077","U+006B U+02C8 U+0077"
"kˈy","U+006B U+02C8 U+0079","U+006B U+02C8 U+0079"
"k̓","U+006B U+0313","U+006B U+0313"
"k̓v","U+006B U+0313 U+0076","U+006B U+0313 U+0076"
"k̓w","U+006B U+0313 U+0077","U+006B U+0313 U+0077"
"k̓°","U+006B U+0313 U+00B0","U+006B U+0313 U+00B0"
"k̓ʷ","U+006B U+0313 U+02B7","U+006B U+0313 U+02B7"
"k̓ʸ","U+006B U+0313 U+02B8","U+006B U+0313 U+02B8"
"k̕","U+006B U+0315","U+006B U+0315"
"k̕w","U+006B U+0315 U+0077","U+006B U+0315 U+0077"
"ḵ’","U+006B U+0331 U+2019","U+1E35 U+2019"
"k̲","U+006B U+0332","U+006B U+0332"
"k’","U+006B U+2019","U+006B U+2019"
"k’w","U+006B U+2019 U+0077","U+006B U+2019 U+0077"
"l","U+006C","U+006C"
"lh","U+006C U+0068","U+006C U+0068"
"ll","U+006C U+006C","U+006C U+006C"
"l̓","U+006C U+0313","U+006C U+0313"
"l̲","U+006C U+0332","U+006C U+0332"
"l’","U+006C U+2019","U+006C U+2019"
"m","U+006D","U+006D"
"mb","U+006D U+0062","U+006D U+0062"
"m̓","U+006D U+0313","U+006D U+0313"
"n","U+006E","U+006E"
"nd","U+006E U+0064","U+006E U+0064"
"ng","U+006E U+0067","U+006E U+0067"
"ng.","U+006E U+0067 U+002E","U+006E U+0067 U+002E"
"nh","U+006E U+0068","U+006E U+0068"
"nj","U+006E U+006A","U+006E U+006A"
"n̓","U+006E U+0313","U+006E U+0313"
"o","U+006F","U+006F"
"o:","U+006F U+003A","U+006F U+003A"
"oo","U+006F U+006F","U+006F U+006F"
"ooy","U+006F U+006F U+0079","U+006F U+006F U+0079"
"oo’","U+006F U+006F U+2019","U+006F U+006F U+2019"
"ou","U+006F U+0075","U+006F U+0075"
"oy","U+006F U+0079","U+006F U+0079"
"oˈo","U+006F U+02C8 U+006F","U+006F U+02C8 U+006F"
"o̱","U+006F U+0331","U+006F U+0331"
"o̱o","U+006F U+0331 U+006F","U+006F U+0331 U+006F"
"o̱o̱","U+006F U+0331 U+006F U+0331","U+006F U+0331 U+006F U+0331"
"o’","U+006F U+2019","U+006F U+2019"
"p","U+0070","U+0070"
"p'","U+0070 U+0027","U+0070 U+0027"
"pˈ","U+0070 U+02C8","U+0070 U+02C8"
"p̓","U+0070 U+0313","U+0070 U+0313"
"p̕","U+0070 U+0315","U+0070 U+0315"
"p’","U+0070 U+2019","U+0070 U+2019"
"q","U+0071","U+0071"
"q'","U+0071 U+0027","U+0071 U+0027"
"qv","U+0071 U+0076","U+0071 U+0076"
"qw","U+0071 U+0077","U+0071 U+0077"
"qw'","U+0071 U+0077 U+0027","U+0071 U+0077 U+0027"
"qw’","U+0071 U+0077 U+2019","U+0071 U+0077 U+2019"
"q°","U+0071 U+00B0","U+0071 U+00B0"
"qʷ","U+0071 U+02B7","U+0071 U+02B7"
"q̓","U+0071 U+0313","U+0071 U+0313"
"q̓v","U+0071 U+0313 U+0076","U+0071 U+0313 U+0076"
"q̓w","U+0071 U+0313 U+0077","U+0071 U+0313 U+0077"
"q̓°","U+0071 U+0313 U+00B0","U+0071 U+0313 U+00B0"
"q̓ʷ","U+0071 U+0313 U+02B7","U+0071 U+0313 U+02B7"
"q’","U+0071 U+2019","U+0071 U+2019"
"r","U+0072","U+0072"
"r̓","U+0072 U+0313","U+0072 U+0313"
"s","U+0073","U+0073"
"sh","U+0073 U+0068","U+0073 U+0068"
"s̱","U+0073 U+0331","U+0073 U+0331"
"s̲","U+0073 U+0332","U+0073 U+0332"
"s’","U+0073 U+2019","U+0073 U+2019"
"t","U+0074","U+0074"
"t'","U+0074 U+0027","U+0074 U+0027"
"th","U+0074 U+0068","U+0074 U+0068"
"th'","U+0074 U+0068 U+0027","U+0074 U+0068 U+0027"
"tl","U+0074 U+006C","U+0074 U+006C"
"tl'","U+0074 U+006C U+0027","U+0074 U+006C U+0027"
"tll","U+0074 U+006C U+006C","U+0074 U+006C U+006C"
"tlʼ","U+0074 U+006C U+02BC","U+0074 U+006C U+02BC"
"tl̕","U+0074 U+006C U+0315","U+0074 U+006C U+0315"
"tl’","U+0074 U+006C U+2019","U+0074 U+006C U+2019"
"ts","U+0074 U+0073","U+0074 U+0073"
"ts'","U+0074 U+0073 U+0027","U+0074 U+0073 U+0027"
"tsʼ","U+0074 U+0073 U+02BC","U+0074 U+0073 U+02BC"
"tsˈ","U+0074 U+0073 U+02C8","U+0074 U+0073 U+02C8"
"ts̓","U+0074 U+0073 U+0313","U+0074 U+0073 U+0313"
"ts̕","U+0074 U+0073 U+0315","U+0074 U+0073 U+0315"
"ts̱","U+0074 U+0073 U+0331","U+0074 U+0073 U+0331"
"ts̱’","U+0074 U+0073 U+0331 U+2019","U+0074 U+0073 U+0331 U+2019"
"ts’","U+0074 U+0073 U+2019","U+0074 U+0073 U+2019"
"tth","U+0074 U+0074 U+0068","U+0074 U+0074 U+0068"
"tth'","U+0074 U+0074 U+0068 U+0027","U+0074 U+0074 U+0068 U+0027"
"tthʼ","U+0074 U+0074 U+0068 U+02BC","U+0074 U+0074 U+0068 U+02BC"
"tth’","U+0074 U+0074 U+0068 U+2019","U+0074 U+0074 U+0068 U+2019"
"tł","U+0074 U+0142","U+0074 U+0142"
"tł'","U+0074 U+0142 U+0027","U+0074 U+0142 U+0027"
"tŝ","U+0074 U+0073 U+0302","U+0074 U+015D"
"tŝ’","U+0074 U+0073 U+0302 U+2019","U+0074 U+015D U+2019"
"tʼ","U+0074 U+02BC","U+0074 U+02BC"
"tˈ","U+0074 U+02C8","U+0074 U+02C8"
"t̓","U+0074 U+0313","U+0074 U+0313"
"t̓h","U+0074 U+0313 U+0068","U+0074 U+0313 U+0068"
"t̓l","U+0074 U+0313 U+006C","U+0074 U+0313 U+006C"
"t̓ᶿ","U+0074 U+0313 U+1DBF","U+0074 U+0313 U+1DBF"
"t̕","U+0074 U+0315","U+0074 U+0315"
"t̕s","U+0074 U+0315 U+0073","U+0074 U+0315 U+0073"
"t̕ł","U+0074 U+0315 U+0142","U+0074 U+0315 U+0142"
"t̲s̲","U+0074 U+0332 U+0073 U+0332","U+0074 U+0332 U+0073 U+0332"
"t̲s̲'","U+0074 U+0332 U+0073 U+0332 U+0027","U+0074 U+0332 U+0073 U+0332 U+0027"
"t̲s̲’","U+0074 U+0332 U+0073 U+0332 U+2019","U+0074 U+0332 U+0073 U+0332 U+2019"
"tᶿ","U+0074 U+1DBF","U+0074 U+1DBF"
"t’","U+0074 U+2019","U+0074 U+2019"
"u","U+0075","U+0075"
"u:","U+0075 U+003A","U+0075 U+003A"
"uu","U+0075 U+0075","U+0075 U+0075"
"u·","U+0075 U+00B7","U+0075 U+00B7"
"uˈu","U+0075 U+02C8 U+0075","U+0075 U+02C8 U+0075"
"u̓","U+0075 U+0313","U+0075 U+0313"
"u̱","U+0075 U+0331","U+0075 U+0331"
"u̲","U+0075 U+0332","U+0075 U+0332"
"u’","U+0075 U+2019","U+0075 U+2019"
"v","U+0076","U+0076"
"v́","U+0076 U+0301","U+0076 U+0301"
"w","U+0077","U+0077"
"w'","U+0077 U+0027","U+0077 U+0027"
"waa","U+0077 U+0061 U+0061","U+0077 U+0061 U+0061"
"we","U+0077 U+0065","U+0077 U+0065"
"wea","U+0077 U+0065 U+0061","U+0077 U+0065 U+0061"
"wh","U+0077 U+0068","U+0077 U+0068"
"wi","U+0077 U+0069","U+0077 U+0069"
"wii","U+0077 U+0069 U+0069","U+0077 U+0069 U+0069"
"wuh","U+0077 U+0075 U+0068","U+0077 U+0075 U+0068"
"wą","U+0077 U+0061 U+0328","U+0077 U+0105"
"wąą","U+0077 U+0061 U+0328 U+0061 U+0328","U+0077 U+0105 U+0105"
"węą","U+0077 U+0065 U+0328 U+0061 U+0328","U+0077 U+0119 U+0105"
"w̓","U+0077 U+0313","U+0077 U+0313"
"w̲u̲h̲","U+0077 U+0332 U+0075 U+0332 U+0068 U+0332","U+0077 U+0332 U+0075 U+0332 U+0068 U+0332"
"x","U+0078","U+0078"
"xv","U+0078 U+0076","U+0078 U+0076"
"xw","U+0078 U+0077","U+0078 U+0077"
"xw'","U+0078 U+0077 U+0027","U+0078 U+0077 U+0027"
"xy","U+0078 U+0079","U+0078 U+0079"
"x°","U+0078 U+00B0","U+0078 U+00B0"
"xʷ","U+0078 U+02B7","U+0078 U+02B7"
"x̄","U+0078 U+0304","U+0078 U+0304"
"x̄°","U+0078 U+0304 U+00B0","U+0078 U+0304 U+00B0"
"x̌","U+0078 U+030C","U+0078 U+030C"
"x̌v","U+0078 U+030C U+0076","U+0078 U+030C U+0076"
"x̌w","U+0078 U+030C U+0077","U+0078 U+030C U+0077"
"x̌ʷ","U+0078 U+030C U+02B7","U+0078 U+030C U+02B7"
"x̣","U+0078 U+0323","U+0078 U+0323"
"x̣ʷ","U+0078 U+0323 U+02B7","U+0078 U+0323 U+02B7"
"x̱","U+0078 U+0331","U+0078 U+0331"
"x̱w","U+0078 U+0331 U+0077","U+0078 U+0331 U+0077"
"x̱’","U+0078 U+0331 U+2019","U+0078 U+0331 U+2019"
"x̱’w","U+0078 U+0331 U+2019 U+0077","U+0078 U+0331 U+2019 U+0077"
"x’","U+0078 U+2019","U+0078 U+2019"
"x’w","U+0078 U+2019 U+0077","U+0078 U+2019 U+0077"
"y","U+0079","U+0079"
"yh","U+0079 U+0068","U+0079 U+0068"
"y̓","U+0079 U+0313","U+0079 U+0313"
"z","U+007A","U+007A"
"zh","U+007A U+0068","U+007A U+0068"
"z̓","U+007A U+0313","U+007A U+0313"
"z̲","U+007A U+0332","U+007A U+0332"
"¢","U+00A2","U+00A2"
"¢̕","U+00A2 U+0315","U+00A2 U+0315"
"°","U+00B0","U+00B0"
"·","U+00B7","U+00B7"
"Á","U+0041 U+0301","U+00C1"
"Í","U+0049 U+0301","U+00CD"
"à","U+0061 U+0300","U+00E0"
"á","U+0061 U+0301","U+00E1"
"áa","U+0061 U+0301 U+0061","U+00E1 U+0061"
"áo","U+0061 U+0301 U+006F","U+00E1 U+006F"
"â","U+0061 U+0302","U+00E2"
"ä","U+0061 U+0308","U+00E4"
"äy","U+0061 U+0308 U+0079","U+00E4 U+0079"
"æ","U+00E6","U+00E6"
"è","U+0065 U+0300","U+00E8"
"é","U+0065 U+0301","U+00E9"
"ée","U+0065 U+0301 U+0065","U+00E9 U+0065"
"éi","U+0065 U+0301 U+0069","U+00E9 U+0069"
"ê","U+0065 U+0302","U+00EA"
"ë","U+0065 U+0308","U+00EB"
"ì","U+0069 U+0300","U+00EC"
"ìì","U+0069 U+0300 U+0069 U+0300","U+00EC U+00EC"
"í","U+0069 U+0301","U+00ED"
"íi","U+0069 U+0301 U+0069","U+00ED U+0069"
"î","U+0069 U+0302","U+00EE"
"ï","U+0069 U+0308","U+00EF"
"ò","U+006F U+0300","U+00F2"
"òò","U+006F U+0300 U+006F U+0300","U+00F2 U+00F2"
"ó","U+006F U+0301","U+00F3"
"óo","U+006F U+0301 U+006F","U+00F3 U+006F"
"ó̱o","U+006F U+0331 U+0301 U+006F","U+00F3 U+0331 U+006F"
"ô","U+006F U+0302","U+00F4"
"ù","U+0075 U+0300","U+00F9"
"ú","U+0075 U+0301","U+00FA"
"úu","U+0075 U+0301 U+0075","U+00FA U+0075"
"û","U+0075 U+0302","U+00FB"
"ü","U+0075 U+0308","U+00FC"
"üü","U+0075 U+0308 U+0075 U+0308","U+00FC U+00FC"
"üˈü","U+0075 U+0308 U+02C8 U+0075 U+0308","U+00FC U+02C8 U+00FC"
"ÿ","U+0079 U+0308","U+00FF"
"ā","U+0061 U+0304","U+0101"
"ā́","U+0061 U+0304 U+0301","U+0101 U+0301"
"ą","U+0061 U+0328","U+0105"
"ąw","U+0061 U+0328 U+0077","U+0105 U+0077"
"ąy","U+0061 U+0328 U+0079","U+0105 U+0079"
"ąą","U+0061 U+0328 U+0061 U+0328","U+0105 U+0105"
"ą̀","U+0061 U+0328 U+0300","U+0105 U+0300"
"ą́","U+0061 U+0328 U+0301","U+0105 U+0301"
"ą̂","U+0061 U+0328 U+0302","U+0105 U+0302"
"ą̄","U+0061 U+0328 U+0304","U+0105 U+0304"
"ą̄́","U+0061 U+0328 U+0304 U+0301","U+0105 U+0304 U+0301"
"ą̈","U+0061 U+0328 U+0308","U+0105 U+0308"
"ą̈w","U+0061 U+0328 U+0308 U+0077","U+0105 U+0308 U+0077"
"ą̈y","U+0061 U+0328 U+0308 U+0079","U+0105 U+0308 U+0079"
"ą̌","U+0061 U+0328 U+030C","U+0105 U+030C"
"Ć","U+0043 U+0301","U+0106"
"č","U+0063 U+030C","U+010D"
"č̓","U+0063 U+030C U+0313","U+010D U+0313"
"ē","U+0065 U+0304","U+0113"
"ę","U+0065 U+0328","U+0119"
"ęą","U+0065 U+0328 U+0061 U+0328","U+0119 U+0105"
"ę̀","U+0065 U+0328 U+0300","U+0119 U+0300"
"ę́","U+0065 U+0328 U+0301","U+0119 U+0301"
"ę̂","U+0065 U+0328 U+0302","U+0119 U+0302"
"ę̄","U+0065 U+0328 U+0304","U+0119 U+0304"
"ę̄́","U+0065 U+0328 U+0304 U+0301","U+0119 U+0304 U+0301"
"ę̌","U+0065 U+0328 U+030C","U+0119 U+030C"
"ě","U+0065 U+030C","U+011B"
"ħ","U+0127","U+0127"
"ī","U+0069 U+0304","U+012B"
"ī́","U+0069 U+0304 U+0301","U+012B U+0301"
"į","U+0069 U+0328","U+012F"
"įį","U+0069 U+0328 U+0069 U+0328","U+012F U+012F"
"į̀","U+0069 U+0328 U+0300","U+012F U+0300"
"į̀į̀","U+0069 U+0328 U+0300 U+0069 U+0328 U+0300","U+012F U+0300 U+012F U+0300"
"į́","U+0069 U+0328 U+0301","U+012F U+0301"
"į̂","U+0069 U+0328 U+0302","U+012F U+0302"
"į̄","U+0069 U+0328 U+0304","U+012F U+0304"
"į̄́","U+0069 U+0328 U+0304 U+0301","U+012F U+0304 U+0301"
"į̌","U+0069 U+0328 U+030C","U+012F U+030C"
"ı","U+0131","U+0131"
"ı́","U+0131 U+0301","U+0131 U+0301"
"ı̨","U+0131 U+0328","U+0131 U+0328"
"ı̨́","U+0131 U+0328 U+0301","U+0131 U+0328 U+0301"
"ł","U+0142","U+0142"
"ŋ","U+014B","U+014B"
"ō","U+006F U+0304","U+014D"
"Ś","U+0053 U+0301","U+015A"
"ŝ","U+0073 U+0302","U+015D"
"š","U+0073 U+030C","U+0161"
"Ŧ","U+0166","U+0166"
"ū","U+0075 U+0304","U+016B"
"ū́","U+0075 U+0304 U+0301","U+016B U+0301"
"ų","U+0075 U+0328","U+0173"
"ų̀","U+0075 U+0328 U+0300","U+0173 U+0300"
"ų́","U+0075 U+0328 U+0301","U+0173 U+0301"
"ų̂","U+0075 U+0328 U+0302","U+0173 U+0302"
"ų̄","U+0075 U+0328 U+0304","U+0173 U+0304"
"ų̄́","U+0075 U+0328 U+0304 U+0301","U+0173 U+0304 U+0301"
"ų̈","U+0075 U+0328 U+0308","U+0173 U+0308"
"ų̌","U+0075 U+0328 U+030C","U+0173 U+030C"
"ŵ","U+0077 U+0302","U+0175"
"ƛ","U+019B","U+019B"
"ƛ̓","U+019B U+0313","U+019B U+0313"
"Ɵ","U+019F","U+019F"
"ǂ","U+01C2","U+01C2"
"ǎ","U+0061 U+030C","U+01CE"
"ǐ","U+0069 U+030C","U+01D0"
"ǒ","U+006F U+030C","U+01D2"
"ǔ","U+0075 U+030C","U+01D4"
"ǝ","U+01DD","U+01DD"
"ǝ́","U+01DD U+0301","U+01DD U+0301"
"ǥ","U+01E5","U+01E5"
"ǧ","U+0067 U+030C","U+01E7"
"ǧv","U+0067 U+030C U+0076","U+01E7 U+0076"
"ǧʷ","U+0067 U+030C U+02B7","U+01E7 U+02B7"
"ǫ","U+006F U+0328","U+01EB"
"ǫǫ","U+006F U+0328 U+006F U+0328","U+01EB U+01EB"
"ǫ̀","U+006F U+0328 U+0300","U+01EB U+0300"
"ǫ̀ǫ̀","U+006F U+0328 U+0300 U+006F U+0328 U+0300","U+01EB U+0300 U+01EB U+0300"
"ǫ́","U+006F U+0328 U+0301","U+01EB U+0301"
"ǫ̂","U+006F U+0328 U+0302","U+01EB U+0302"
"ǫ̌","U+006F U+0328 U+030C","U+01EB U+030C"
"ǭ","U+006F U+0328 U+0304","U+01ED"
"ǭ́","U+006F U+0328 U+0304 U+0301","U+01ED U+0301"
"ǰ","U+006A U+030C","U+01F0"
"Ⱥ","U+023A","U+023A"
"Ȼ","U+023B","U+023B"
"Ƚ","U+023D","U+023D"
"Ⱦ","U+023E","U+023E"
"ɂ","U+0242","U+0242"
"ɔ","U+0254","U+0254"
"ɔy","U+0254 U+0079","U+0254 U+0079"
"ə","U+0259","U+0259"
"əl","U+0259 U+006C","U+0259 U+006C"
"əm","U+0259 U+006D","U+0259 U+006D"
"ən","U+0259 U+006E","U+0259 U+006E"
"əw","U+0259 U+0077","U+0259 U+0077"
"əw̓","U+0259 U+0077 U+0313","U+0259 U+0077 U+0313"
"əy","U+0259 U+0079","U+0259 U+0079"
"ə̀l","U+0259 U+0300 U+006C","U+0259 U+0300 U+006C"
"ə̀m","U+0259 U+0300 U+006D","U+0259 U+0300 U+006D"
"ə̀n","U+0259 U+0300 U+006E","U+0259 U+0300 U+006E"
"ə́","U+0259 U+0301","U+0259 U+0301"
"ə̣","U+0259 U+0323","U+0259 U+0323"
"ɛ","U+025B","U+025B"
"ɣ","U+0263","U+0263"
"ɣ̓","U+0263 U+0313","U+0263 U+0313"
"ɨ","U+0268","U+0268"
"ɩ","U+0269","U+0269"
"ɫ","U+026B","U+026B"
"ɬ","U+026C","U+026C"
"ʊ","U+028A","U+028A"
"ʔ","U+0294","U+0294"
"ʕ","U+0295","U+0295"
"ʕa","U+0295 U+0061","U+0295 U+0061"
"ʕi","U+0295 U+0069","U+0295 U+0069"
"ʕu","U+0295 U+0075","U+0295 U+0075"
"ʕʷ","U+0295 U+02B7","U+0295 U+02B7"
"ʕ̓","U+0295 U+0313","U+0295 U+0313"
"ʕ̓ʷ","U+0295 U+0313 U+02B7","U+0295 U+0313 U+02B7"
"ʣ","U+02A3","U+02A3"
"ʼ","U+02BC","U+02BC"
"ˀ","U+02C0","U+02C0"
"ˈ","U+02C8","U+02C8"
"ˈl","U+02C8 U+006C","U+02C8 U+006C"
"ˈm","U+02C8 U+006D","U+02C8 U+006D"
"ˈn","U+02C8 U+006E","U+02C8 U+006E"
"ˈw","U+02C8 U+0077","U+02C8 U+0077"
"ˈy","U+02C8 U+0079","U+02C8 U+0079"
"ˈẅ","U+02C8 U+0077 U+0308","U+02C8 U+1E85"
"θ","U+03B8","U+03B8"
"λ","U+03BB","U+03BB"
"χ","U+03C7","U+03C7"
"χʷ","U+03C7 U+02B7","U+03C7 U+02B7"
"ᐁ","U+1401","U+1401"
"ᐁᐧ","U+1401 U+1427","U+1401 U+1427"
"ᐃ","U+1403","U+1403"
"ᐃᐧ","U+1403 U+1427","U+1403 U+1427"
"ᐄ","U+1404","U+1404"
"ᐅ","U+1405","U+1405"
"ᐅᐧ","U+1405 U+1427","U+1405 U+1427"
"ᐆ","U+1406","U+1406"
"ᐊ","U+140A","U+140A"
"ᐊᐧ","U+140A U+1427","U+140A U+1427"
"ᐋ","U+140B","U+140B"
"ᐋᐧ","U+140B U+1427","U+140B U+1427"
"ᐟ","U+141F","U+141F"
"ᐠ","U+1420","U+1420"
"ᐢ","U+1422","U+1422"
"ᐣ","U+1423","U+1423"
"ᐤ","U+1424","U+1424"
"ᐦ","U+1426","U+1426"
"ᐧ","U+1427","U+1427"
"ᐧᐁ","U+1427 U+1401","U+1427 U+1401"
"ᐧᐃ","U+1427 U+1403","U+1427 U+1403"
"ᐧᐄ","U+1427 U+1404","U+1427 U+1404"
"ᐧᐅ","U+1427 U+1405","U+1427 U+1405"
"ᐧᐆ","U+1427 U+1406","U+1427 U+1406"
"ᐧᐊ","U+1427 U+140A","U+1427 U+140A"
"ᐧᐋ","U+1427 U+140B","U+1427 U+140B"
"ᐨ","U+1428","U+1428"
"ᐩ","U+1429","U+1429"
"ᐯ","U+142F","U+142F"
"ᐱ","U+1431","U+1431"
"ᐲ","U+1432","U+1432"
"ᐳ","U+1433","U+1433"
"ᐴ","U+1434","U+1434"
"ᐸ","U+1438","U+1438"
"ᐹ","U+1439","U+1439"
"ᑉ","U+1449","U+1449"
"ᑊ","U+144A","U+144A"
"ᑌ","U+144C","U+144C"
"ᑎ","U+144E","U+144E"
"ᑏ","U+144F","U+144F"
"ᑐ","U+1450","U+1450"
"ᑑ","U+1451","U+1451"
"ᑕ","U+1455","U+1455"
"ᑖ","U+1456","U+1456"
"ᑦ","U+1466","U+1466"
"ᑫ","U+146B","U+146B"
"ᑭ","U+146D","U+146D"
"ᑮ","U+146E","U+146E"
"ᑯ","U+146F","U+146F"
"ᑰ","U+1470","U+1470"
"ᑲ","U+1472","U+1472"
"ᑳ","U+1473","U+1473"
"ᒃ","U+1483","U+1483"
"ᒉ","U+1489","U+1489"
"ᒋ","U+148B","U+148B"
"ᒌ","U+148C","U+148C"
"ᒍ","U+148D","U+148D"
"ᒎ","U+148E","U+148E"
"ᒐ","U+1490","U+1490"
"ᒑ","U+1491","U+1491"
"ᒡ","U+14A1","U+14A1"
"ᒣ","U+14A3","U+14A3"
"ᒥ","U+14A5","U+14A5"
"ᒦ","U+14A6","U+14A6"
"ᒧ","U+14A7","U+14A7"
"ᒨ","U+14A8","U+14A8"
"ᒪ","U+14AA","U+14AA"
"ᒫ","U+14AB","U+14AB"
"ᒻ","U+14BB","U+14BB"
"ᒼ","U+14BC","U+14BC"
"ᓀ","U+14C0","U+14C0"
"ᓂ","U+14C2","U+14C2"
"ᓃ","U+14C3","U+14C3"
"ᓄ","U+14C4","U+14C4"
"ᓅ","U+14C5","U+14C5"
"ᓇ","U+14C7","U+14C7"
"ᓈ","U+14C8","U+14C8"
"ᓐ","U+14D0","U+14D0"
"ᓬ","U+14EC","U+14EC"
"ᓭ","U+14ED","U+14ED"
"ᓯ","U+14EF","U+14EF"
"ᓰ","U+14F0","U+14F0"
"ᓱ","U+14F1","U+14F1"
"ᓲ","U+14F2","U+14F2"
"ᓴ","U+14F4","U+14F4"
"ᓵ","U+14F5","U+14F5"
"ᔅ","U+1505","U+1505"
"ᔐ","U+1510","U+1510"
"ᔑ","U+1511","U+1511"
"ᔒ","U+1512","U+1512"
"ᔓ","U+1513","U+1513"
"ᔔ","U+1514","U+1514"
"ᔕ","U+1515","U+1515"
"ᔖ","U+1516","U+1516"
"ᔥ","U+1525","U+1525"
"ᔦ","U+1526","U+1526"
"ᔨ","U+1528","U+1528"
"ᔩ","U+1529","U+1529"
"ᔪ","U+152A","U+152A"
"ᔫ","U+152B","U+152B"
"ᔭ","U+152D","U+152D"
"ᔮ","U+152E","U+152E"
"ᔾ","U+153E","U+153E"
"ᕒ","U+1552","U+1552"
"᙮","U+166E","U+166E"
"ḗ","U+0065 U+0304 U+0301","U+1E17"
"ḡ","U+0067 U+0304","U+1E21"
"ḡ°","U+0067 U+0304 U+00B0","U+1E21 U+00B0"
"ḥ","U+0068 U+0323","U+1E25"
"Ḱ","U+004B U+0301","U+1E30"
"Ḵ","U+004B U+0331","U+1E34"
"ḵ","U+006B U+0331","U+1E35"
"ḵ'","U+006B U+0331 U+0027","U+1E35 U+0027"
"ḵw","U+006B U+0331 U+0077","U+1E35 U+0077"
"ḵw̕","U+006B U+0331 U+0077 U+0315","U+1E35 U+0077 U+0315"
"ḵˈ","U+006B U+0331 U+02C8","U+1E35 U+02C8"
"ḵ̓","U+006B U+0331 U+0313","U+1E35 U+0313"
"ḵ̕","U+006B U+0331 U+0315","U+1E35 U+0315"
"ḵ̕w","U+006B U+0331 U+0315 U+0077","U+1E35 U+0315 U+0077"
"ḵ’w","U+006B U+0331 U+2019 U+0077","U+1E35 U+2019 U+0077"
"ḷ","U+006C U+0323","U+1E37"
"ḷ́","U+006C U+0323 U+0301","U+1E37 U+0301"
"ḷ̓","U+006C U+0323 U+0313","U+1E37 U+0313"
"ṃ","U+006D U+0323","U+1E43"
"ṃ́","U+006D U+0323 U+0301","U+1E43 U+0301"
"ṃ̓","U+006D U+0323 U+0313","U+1E43 U+0313"
"ṇ","U+006E U+0323","U+1E47"
"ṇ́","U+006E U+0323 U+0301","U+1E47 U+0301"
"ṇ̓","U+006E U+0323 U+0313","U+1E47 U+0313"
"Ṉ","U+004E U+0331","U+1E48"
"ṓ","U+006F U+0304 U+0301","U+1E53"
"ṣ","U+0073 U+0323","U+1E63"
"Ṯ","U+0054 U+0331","U+1E6E"
"ẅ","U+0077 U+0308","U+1E85"
"ẑ","U+007A U+0302","U+1E91"
"ẕ","U+007A U+0331","U+1E95"
"ị","U+0069 U+0323","U+1ECB"
"’","U+2019","U+2019"
"’a","U+2019 U+0061","U+2019 U+0061"
"’ai","U+2019 U+0061 U+0069","U+2019 U+0061 U+0069"
"’ai’","U+2019 U+0061 U+0069 U+2019","U+2019 U+0061 U+0069 U+2019"
"’a’","U+2019 U+0061 U+2019","U+2019 U+0061 U+2019"
"’e","U+2019 U+0065","U+2019 U+0065"
"’e’","U+2019 U+0065 U+2019","U+2019 U+0065 U+2019"
"’i","U+2019 U+0069","U+2019 U+0069"
"’i’","U+2019 U+0069 U+2019","U+2019 U+0069 U+2019"
"’o","U+2019 U+006F","U+2019 U+006F"
"’oo","U+2019 U+006F U+006F","U+2019 U+006F U+006F"
"’oo’","U+2019 U+006F U+006F U+2019","U+2019 U+006F U+006F U+2019"
"’o’","U+2019 U+006F U+2019","U+2019 U+006F U+2019"
"’u","U+2019 U+0075","U+2019 U+0075"
"’u’","U+2019 U+0075 U+2019","U+2019 U+0075 U+2019"
"₭","U+20AD","U+20AD"