Character,NFD,NFC,NFD Escaped,NFC Escaped,NFD Code Points,NFC Code Points,AnyAscii,Languages
"a","a","a","\u0061","\u0061","U+0061","U+0061","a","nēhiyawēwin,Dakelh,Danezāgéʼ,diitiidʔaaʔtx̣,nuučaan̓uł,Gitxsanimx̱-Gitsenimx̱-Gyaanimx̱,Haíɫzaqvḷa,X̄enaksialak̓ala / X̄aʼislak̓ala,Hulʼqʼumiʼnumʼ / Halqʼeméylem / hən̓q̓əmin̓əm̓,X̱aad Kil / X̱aayda Kil,Éy7á7juuthem,Dene Kʼe,Nɬeʔkepmxcín,Ktunaxa,Tseʼkhene,kwakiutl,Kwak̕wala,kyuquot-checleseht,SENĆOŦEN / Malchosen / Lekwungen / Semiahmoo / TʼSou-ke,St̓át̓imcets,Nedutʼen / Witsuwitʼen,Nisg̱aʼa,Nsyilxcən,Nuxalk,Secwepemctsín,Sgüüx̱s,she shashishalhem,Sm'algya̱x,Southern Tutchone,Tāłtān,Lingít,Dane-Ẕaa,Tsilhqotʼin,ʼWuik̓ala"
"ā","ā","ā","\u0061\u0304","\u0101","U+0061 U+0304","U+0101","a","nēhiyawēwin,Danezāgéʼ,Southern Tutchone,Tāłtān"
"c","c","c","\u0063","\u0063","U+0063","U+0063","c","nēhiyawēwin,diitiidʔaaʔtx̣,nuučaan̓uł,Haíɫzaqvḷa,X̄enaksialak̓ala / X̄aʼislak̓ala,Nɬeʔkepmxcín,kyuquot-checleseht,SENĆOŦEN / Malchosen / Lekwungen / Semiahmoo / TʼSou-ke,St̓át̓imcets,Kwak̕wala,Nedutʼen / Witsuwitʼen,Nsyilxcən,Nuxalk,Secwepemctsín,Hulʼqʼumiʼnumʼ / Halqʼeméylem / hən̓q̓əmin̓əm̓,ʼWuik̓ala"
"e","e","e","\u0065","\u0065","U+0065","U+0065","e","nēhiyawēwin,Dakelh,Danezāgéʼ,diitiidʔaaʔtx̣,nuučaan̓uł,Gitxsanimx̱-Gitsenimx̱-Gyaanimx̱,X̄enaksialak̓ala / X̄aʼislak̓ala,Hulʼqʼumiʼnumʼ / Halqʼeméylem / hən̓q̓əmin̓əm̓,Éy7á7juuthem,Dene Kʼe,Nɬeʔkepmxcín,Tseʼkhene,kwakiutl,Kwak̕wala,kyuquot-checleseht,SENĆOŦEN / Malchosen / Lekwungen / Semiahmoo / TʼSou-ke,St̓át̓imcets,Nedutʼen / Witsuwitʼen,Nisg̱aʼa,Secwepemctsín,Sgüüx̱s,she shashishalhem,Sm'algya̱x,Southern Tutchone,Tāłtān,Lingít,Dane-Ẕaa,Tsilhqotʼin"
"ē","ē","ē","\u0065\u0304","\u0113","U+0065 U+0304","U+0113","e","nēhiyawēwin,Danezāgéʼ,Kwak̕wala,Southern Tutchone,Tāłtān"
"h","h","h","\u0068","\u0068","U+0068","U+0068","h","nēhiyawēwin,Dakelh,Danezāgéʼ,diitiidʔaaʔtx̣,nuučaan̓uł,Gitxsanimx̱-Gitsenimx̱-Gyaanimx̱,Haíɫzaqvḷa,X̄enaksialak̓ala / X̄aʼislak̓ala,Hulʼqʼumiʼnumʼ / Halqʼeméylem / hən̓q̓əmin̓əm̓,X̱aad Kil / X̱aayda Kil,Éy7á7juuthem,Dene Kʼe,Nɬeʔkepmxcín,Ktunaxa,Tseʼkhene,kwakiutl,Kwak̕wala,kyuquot-checleseht,SENĆOŦEN / Malchosen / Lekwungen / Semiahmoo / TʼSou-ke,St̓át̓imcets,Nedutʼen / Witsuwitʼen,Nisg̱aʼa,Nsyilxcən,Nuxalk,Secwepemctsín,Sgüüx̱s,she shashishalhem,Sm'algya̱x,Southern Tutchone,Tāłtān,Lingít,Dane-Ẕaa,Tsilhqotʼin,ʼWuik̓ala"
"i","i","i","\u0069","\u0069","U+0069","U+0069","i","nēhiyawēwin,Dakelh,Danezāgéʼ,diitiidʔaaʔtx̣,nuučaan̓uł,Gitxsanimx̱-Gitsenimx̱-Gyaanimx̱,Haíɫzaqvḷa,X̄enaksialak̓ala / X̄aʼislak̓ala,Hulʼqʼumiʼnumʼ / Halqʼeméylem / hən̓q̓əmin̓əm̓,X̱aad Kil / X̱aayda Kil,Éy7á7juuthem,Nɬeʔkepmxcín,Ktunaxa,Tseʼkhene,kwakiutl,Kwak̕wala,kyuquot-checleseht,SENĆOŦEN / Malchosen / Lekwungen / Semiahmoo / TʼSou-ke,St̓át̓imcets,Nedutʼen / Witsuwitʼen,Nisg̱aʼa,Nsyilxcən,Nuxalk,Secwepemctsín,Sgüüx̱s,she shashishalhem,Sm'algya̱x,Southern Tutchone,Tāłtān,Lingít,Dane-Ẕaa,Tsilhqotʼin,ʼWuik̓ala"
"k","k","k","\u006B","\u006B","U+006B","U+006B","k","nēhiyawēwin,Dakelh,Danezāgéʼ,diitiidʔaaʔtx̣,nuučaan̓uł,Gitxsanimx̱-Gitsenimx̱-Gyaanimx̱,Haíɫzaqvḷa,X̄enaksialak̓ala / X̄aʼislak̓ala,Hulʼqʼumiʼnumʼ / Halqʼeméylem / hən̓q̓əmin̓əm̓,X̱aad Kil / X̱aayda Kil,Éy7á7juuthem,Dene Kʼe,Nɬeʔkepmxcín,Ktunaxa,Tseʼkhene,kwakiutl,Kwak̕wala,kyuquot-checleseht,St̓át̓imcets,Nedutʼen / Witsuwitʼen,Nisg̱aʼa,Nsyilxcən,Nuxalk,Secwepemctsín,Sgüüx̱s,she shashishalhem,Sm'algya̱x,Southern Tutchone,Tāłtān,Lingít,Dane-Ẕaa,Tsilhqotʼin,ʼWuik̓ala"
"l","l","l","\u006C","\u006C","U+006C","U+006C","l","nēhiyawēwin,Dakelh,Danezāgéʼ,diitiidʔaaʔtx̣,Gitxsanimx̱-Gitsenimx̱-Gyaanimx̱,Haíɫzaqvḷa,X̄enaksialak̓ala / X̄aʼislak̓ala,Hulʼqʼumiʼnumʼ / Halqʼeméylem / hən̓q̓əmin̓əm̓,X̱aad Kil / X̱aayda Kil,Éy7á7juuthem,Dene Kʼe,Nɬeʔkepmxcín,Ktunaxa,Tseʼkhene,kwakiutl,Kwak̕wala,SENĆOŦEN / Malchosen / Lekwungen / Semiahmoo / TʼSou-ke,St̓át̓imcets,Nedutʼen / Witsuwitʼen,Nisg̱aʼa,Nsyilxcən,Nuxalk,Secwepemctsín,Sgüüx̱s,she shashishalhem,Sm'algya̱x,Southern Tutchone,Tāłtān,Lingít,Dane-Ẕaa,Tsilhqotʼin,ʼWuik̓ala"
"m","m","m","\u006D","\u006D","U+006D","U+006D","m","nēhiyawēwin,Dakelh,Danezāgéʼ,diitiidʔaaʔtx̣,nuučaan̓uł,Gitxsanimx̱-Gitsenimx̱-Gyaanimx̱,Haíɫzaqvḷa,X̄enaksialak̓ala / X̄aʼislak̓ala,Hulʼqʼumiʼnumʼ / Halqʼeméylem / hən̓q̓əmin̓əm̓,X̱aad Kil / X̱aayda Kil,Éy7á7juuthem,Dene Kʼe,Nɬeʔkepmxcín,Ktunaxa,Tseʼkhene,kwakiutl,Kwak̕wala,kyuquot-checleseht,SENĆOŦEN / Malchosen / Lekwungen / Semiahmoo / TʼSou-ke,St̓át̓imcets,Nedutʼen / Witsuwitʼen,Nisg̱aʼa,Nsyilxcən,Nuxalk,Secwepemctsín,Sgüüx̱s,she shashishalhem,Sm'algya̱x,Southern Tutchone,Tāłtān,Dane-Ẕaa,Tsilhqotʼin,ʼWuik̓ala"
"n","n","n","\u006E","\u006E","U+006E","U+006E","n","nēhiyawēwin,Dakelh,Danezāgéʼ,diitiidʔaaʔtx̣,nuučaan̓uł,Gitxsanimx̱-Gitsenimx̱-Gyaanimx̱,Haíɫzaqvḷa,X̄enaksialak̓ala / X̄aʼislak̓ala,X̱aad Kil / X̱aayda Kil,Éy7á7juuthem,Hulʼqʼumiʼnumʼ / Halqʼeméylem / hən̓q̓əmin̓əm̓,Dene Kʼe,Nɬeʔkepmxcín,Ktunaxa,Tseʼkhene,kwakiutl,Kwak̕wala,kyuquot-checleseht,SENĆOŦEN / Malchosen / Lekwungen / Semiahmoo / TʼSou-ke,St̓át̓imcets,Nedutʼen / Witsuwitʼen,Nisg̱aʼa,Nsyilxcən,Nuxalk,Secwepemctsín,Sgüüx̱s,she shashishalhem,Sm'algya̱x,Southern Tutchone,Tāłtān,Lingít,Dane-Ẕaa,Tsilhqotʼin,ʼWuik̓ala"
"o","o","o","\u006F","\u006F","U+006F","U+006F","o","nēhiyawēwin,Dakelh,Danezāgéʼ,diitiidʔaaʔtx̣,nuučaan̓uł,Gitxsanimx̱-Gitsenimx̱-Gyaanimx̱,X̄enaksialak̓ala / X̄aʼislak̓ala,Hulʼqʼumiʼnumʼ / Halqʼeméylem / hən̓q̓əmin̓əm̓,X̱aad Kil / X̱aayda Kil,Éy7á7juuthem,Dene Kʼe,Tseʼkhene,kwakiutl,Kwak̕wala,kyuquot-checleseht,St̓át̓imcets,Nedutʼen / Witsuwitʼen,Nisg̱aʼa,Secwepemctsín,Sgüüx̱s,Sm'algya̱x,Southern Tutchone,Tāłtān,Dane-Ẕaa,Tsilhqotʼin"
"ō","ō","ō","\u006F\u0304","\u014D","U+006F U+0304","U+014D","o","nēhiyawēwin,Danezāgéʼ,Hulʼqʼumiʼnumʼ / Halqʼeméylem / hən̓q̓əmin̓əm̓,Southern Tutchone,Tāłtān"
"p","p","p","\u0070","\u0070","U+0070","U+0070","p","nēhiyawēwin,Danezāgéʼ,diitiidʔaaʔtx̣,nuučaan̓uł,Gitxsanimx̱-Gitsenimx̱-Gyaanimx̱,Haíɫzaqvḷa,X̄enaksialak̓ala / X̄aʼislak̓ala,Hulʼqʼumiʼnumʼ / Halqʼeméylem / hən̓q̓əmin̓əm̓,X̱aad Kil / X̱aayda Kil,Éy7á7juuthem,Nɬeʔkepmxcín,Ktunaxa,Tseʼkhene,kwakiutl,Kwak̕wala,kyuquot-checleseht,SENĆOŦEN / Malchosen / Lekwungen / Semiahmoo / TʼSou-ke,St̓át̓imcets,Nisg̱aʼa,Nsyilxcən,Nuxalk,Secwepemctsín,Sgüüx̱s,she shashishalhem,Sm'algya̱x,Tāłtān,Tsilhqotʼin,Nedutʼen / Witsuwitʼen,ʼWuik̓ala"
"s","s","s","\u0073","\u0073","U+0073","U+0073","s","nēhiyawēwin,Dakelh,Danezāgéʼ,diitiidʔaaʔtx̣,nuučaan̓uł,Gitxsanimx̱-Gitsenimx̱-Gyaanimx̱,Haíɫzaqvḷa,X̄enaksialak̓ala / X̄aʼislak̓ala,Hulʼqʼumiʼnumʼ / Halqʼeméylem / hən̓q̓əmin̓əm̓,X̱aad Kil / X̱aayda Kil,Éy7á7juuthem,Dene Kʼe,Nɬeʔkepmxcín,Ktunaxa,Tseʼkhene,kwakiutl,Kwak̕wala,kyuquot-checleseht,SENĆOŦEN / Malchosen / Lekwungen / Semiahmoo / TʼSou-ke,St̓át̓imcets,Nedutʼen / Witsuwitʼen,Nisg̱aʼa,Nsyilxcən,Nuxalk,Secwepemctsín,Sgüüx̱s,she shashishalhem,Sm'algya̱x,Southern Tutchone,Tāłtān,Lingít,Dane-Ẕaa,Tsilhqotʼin,ʼWuik̓ala"
"t","t","t","\u0074","\u0074","U+0074","U+0074","t","nēhiyawēwin,Dakelh,Danezāgéʼ,diitiidʔaaʔtx̣,nuučaan̓uł,Gitxsanimx̱-Gitsenimx̱-Gyaanimx̱,Haíɫzaqvḷa,X̄enaksialak̓ala / X̄aʼislak̓ala,Hulʼqʼumiʼnumʼ / Halqʼeméylem / hən̓q̓əmin̓əm̓,X̱aad Kil / X̱aayda Kil,Éy7á7juuthem,Dene Kʼe,Nɬeʔkepmxcín,Ktunaxa,Tseʼkhene,kwakiutl,Kwak̕wala,kyuquot-checleseht,SENĆOŦEN / Malchosen / Lekwungen / Semiahmoo / TʼSou-ke,St̓át̓imcets,Nedutʼen / Witsuwitʼen,Nisg̱aʼa,Nsyilxcən,Nuxalk,Secwepemctsín,Sgüüx̱s,she shashishalhem,Sm'algya̱x,Southern Tutchone,Tāłtān,Lingít,Dane-Ẕaa,Tsilhqotʼin,ʼWuik̓ala"
"w","w","w","\u0077","\u0077","U+0077","U+0077","w","nēhiyawēwin,Dakelh,diitiidʔaaʔtx̣,nuučaan̓uł,Gitxsanimx̱-Gitsenimx̱-Gyaanimx̱,Haíɫzaqvḷa,X̄enaksialak̓ala / X̄aʼislak̓ala,Hulʼqʼumiʼnumʼ / Halqʼeméylem / hən̓q̓əmin̓əm̓,X̱aad Kil / X̱aayda Kil,Éy7á7juuthem,Dene Kʼe,Nɬeʔkepmxcín,Ktunaxa,Tseʼkhene,kwakiutl,Kwak̕wala,kyuquot-checleseht,SENĆOŦEN / Malchosen / Lekwungen / Semiahmoo / TʼSou-ke,St̓át̓imcets,Nedutʼen / Witsuwitʼen,Nisg̱aʼa,Nsyilxcən,Nuxalk,Secwepemctsín,Sgüüx̱s,she shashishalhem,Sm'algya̱x,Southern Tutchone,Tāłtān,Lingít,Dane-Ẕaa,Tsilhqotʼin,ʼWuik̓ala"
"y","y","y","\u0079","\u0079","U+0079","U+0079","y","nēhiyawēwin,Dakelh,Danezāgéʼ,diitiidʔaaʔtx̣,nuučaan̓uł,Gitxsanimx̱-Gitsenimx̱-Gyaanimx̱,Haíɫzaqvḷa,X̄enaksialak̓ala / X̄aʼislak̓ala,Hulʼqʼumiʼnumʼ / Halqʼeméylem / hən̓q̓əmin̓əm̓,X̱aad Kil / X̱aayda Kil,Éy7á7juuthem,Dene Kʼe,Nɬeʔkepmxcín,Ktunaxa,Tseʼkhene,kwakiutl,Kwak̕wala,kyuquot-checleseht,SENĆOŦEN / Malchosen / Lekwungen / Semiahmoo / TʼSou-ke,St̓át̓imcets,Nedutʼen / Witsuwitʼen,Nisg̱aʼa,Nsyilxcən,Nuxalk,Secwepemctsín,Sgüüx̱s,she shashishalhem,Sm'algya̱x,Southern Tutchone,Tāłtān,Lingít,Dane-Ẕaa,Tsilhqotʼin,ʼWuik̓ala"
"’a","’a","’a","\u2019\u0061","\u2019\u0061","U+2019 U+0061","U+2019 U+0061","'a","Dakelh,X̄enaksialak̓ala / X̄aʼislak̓ala"
"a’","a’","a’","\u0061\u2019","\u0061\u2019","U+0061 U+2019","U+0061 U+2019","a'","Dakelh"
"’a’","’a’","’a’","\u2019\u0061\u2019","\u2019\u0061\u2019","U+2019 U+0061 U+2019","U+2019 U+0061 U+2019","'a'","Dakelh"
"b","b","b","\u0062","\u0062","U+0062","U+0062","b","Dakelh,Danezāgéʼ,diitiidʔaaʔtx̣,Gitxsanimx̱-Gitsenimx̱-Gyaanimx̱,Haíɫzaqvḷa,X̄enaksialak̓ala / X̄aʼislak̓ala,X̱aad Kil / X̱aayda Kil,Dene Kʼe,Tseʼkhene,kwakiutl,Kwak̕wala,Nedutʼen / Witsuwitʼen,Nisg̱aʼa,Sgüüx̱s,Sm'algya̱x,Tāłtān,Dane-Ẕaa,Tsilhqotʼin,ʼWuik̓ala"
"ch","ch","ch","\u0063\u0068","\u0063\u0068","U+0063 U+0068","U+0063 U+0068","ch","Dakelh,Danezāgéʼ,Hulʼqʼumiʼnumʼ / Halqʼeméylem / hən̓q̓əmin̓əm̓,X̱aad Kil / X̱aayda Kil,Tseʼkhene,Nɬeʔkepmxcín,Sgüüx̱s,she shashishalhem,Southern Tutchone,Tāłtān,Lingít,Dane-Ẕaa,Tsilhqotʼin"
"ch’","ch’","ch’","\u0063\u0068\u2019","\u0063\u0068\u2019","U+0063 U+0068 U+2019","U+0063 U+0068 U+2019","ch'","Dakelh,Hulʼqʼumiʼnumʼ / Halqʼeméylem / hən̓q̓əmin̓əm̓,Tseʼkhene,Tāłtān,Lingít,Dane-Ẕaa,Tsilhqotʼin"
"d","d","d","\u0064","\u0064","U+0064","U+0064","d","Dakelh,Danezāgéʼ,diitiidʔaaʔtx̣,Gitxsanimx̱-Gitsenimx̱-Gyaanimx̱,Haíɫzaqvḷa,X̄enaksialak̓ala / X̄aʼislak̓ala,X̱aad Kil / X̱aayda Kil,Dene Kʼe,Tseʼkhene,kwakiutl,Kwak̕wala,Nedutʼen / Witsuwitʼen,Nisg̱aʼa,Sgüüx̱s,Sm'algya̱x,Southern Tutchone,Tāłtān,Lingít,Dane-Ẕaa,Tsilhqotʼin,ʼWuik̓ala"
"dl","dl","dl","\u0064\u006C","\u0064\u006C","U+0064 U+006C","U+0064 U+006C","dl","Dakelh,Danezāgéʼ,X̱aad Kil / X̱aayda Kil,Dene Kʼe,Tseʼkhene,Nedutʼen / Witsuwitʼen,Southern Tutchone,Tāłtān,Lingít,Dane-Ẕaa,Tsilhqotʼin"
"dz","dz","dz","\u0064\u007A","\u0064\u007A","U+0064 U+007A","U+0064 U+007A","dz","Dakelh,Danezāgéʼ,Dene Kʼe,Tseʼkhene,kwakiutl,Kwak̕wala,Nedutʼen / Witsuwitʼen,Sgüüx̱s,Sm'algya̱x,Southern Tutchone,Tāłtān,Lingít,Dane-Ẕaa,Tsilhqotʼin"
"d̲z̲","d̲z̲","d̲z̲","\u0064\u0332\u007A\u0332","\u0064\u0332\u007A\u0332","U+0064 U+0332 U+007A U+0332","U+0064 U+0332 U+007A U+0332","dz","Dakelh,Dane-Ẕaa"
"’e","’e","’e","\u2019\u0065","\u2019\u0065","U+2019 U+0065","U+2019 U+0065","'e","Dakelh,X̄enaksialak̓ala / X̄aʼislak̓ala"
"e’","e’","e’","\u0065\u2019","\u0065\u2019","U+0065 U+2019","U+0065 U+2019","e'","Dakelh"
"’e’","’e’","’e’","\u2019\u0065\u2019","\u2019\u0065\u2019","U+2019 U+0065 U+2019","U+2019 U+0065 U+2019","'e'","Dakelh"
"g","g","g","\u0067","\u0067","U+0067","U+0067","g","Dakelh,Danezāgéʼ,Gitxsanimx̱-Gitsenimx̱-Gyaanimx̱,Haíɫzaqvḷa,X̄enaksialak̓ala / X̄aʼislak̓ala,X̱aad Kil / X̱aayda Kil,Éy7á7juuthem,Dene Kʼe,Tseʼkhene,kwakiutl,Kwak̕wala,St̓át̓imcets,Nedutʼen / Witsuwitʼen,Nisg̱aʼa,Secwepemctsín,Sgüüx̱s,Sm'algya̱x,Southern Tutchone,Tāłtān,Lingít,Dane-Ẕaa,Tsilhqotʼin,ʼWuik̓ala"
"gh","gh","gh","\u0067\u0068","\u0067\u0068","U+0067 U+0068","U+0067 U+0068","gh","Dakelh,Danezāgéʼ,Dene Kʼe,Tseʼkhene,Nedutʼen / Witsuwitʼen,Southern Tutchone,Tāłtān,Dane-Ẕaa,Tsilhqotʼin"
"gw","gw","gw","\u0067\u0077","\u0067\u0077","U+0067 U+0077","U+0067 U+0077","gw","Dakelh,Gitxsanimx̱-Gitsenimx̱-Gyaanimx̱,Dene Kʼe,Tseʼkhene,kwakiutl,Kwak̕wala,St̓át̓imcets,Nedutʼen / Witsuwitʼen,Nisg̱aʼa,Secwepemctsín,Sgüüx̱s,Sm'algya̱x,Southern Tutchone,Lingít,Tsilhqotʼin"
"’i","’i","’i","\u2019\u0069","\u2019\u0069","U+2019 U+0069","U+2019 U+0069","'i","Dakelh,X̄enaksialak̓ala / X̄aʼislak̓ala"
"i’","i’","i’","\u0069\u2019","\u0069\u2019","U+0069 U+2019","U+0069 U+2019","i'","Dakelh"
"’i’","’i’","’i’","\u2019\u0069\u2019","\u2019\u0069\u2019","U+2019 U+0069 U+2019","U+2019 U+0069 U+2019","'i'","Dakelh"
"j","j","j","\u006A","\u006A","U+006A","U+006A","j","Dakelh,Danezāgéʼ,Gitxsanimx̱-Gitsenimx̱-Gyaanimx̱,X̱aad Kil / X̱aayda Kil,Dene Kʼe,Tseʼkhene,Nedutʼen / Witsuwitʼen,Nisg̱aʼa,Southern Tutchone,Tāłtān,Lingít,Dane-Ẕaa,Tsilhqotʼin"
"k’","k’","k’","\u006B\u2019","\u006B\u2019","U+006B U+2019","U+006B U+2019","k'","Dakelh,Tseʼkhene,Nuxalk,Tāłtān,Lingít,Dane-Ẕaa,Tsilhqotʼin,Nedutʼen / Witsuwitʼen"
"kh","kh","kh","\u006B\u0068","\u006B\u0068","U+006B U+0068","U+006B U+0068","kh","Dakelh,Tseʼkhene,Nedutʼen / Witsuwitʼen,Southern Tutchone,Tāłtān"
"kw","kw","kw","\u006B\u0077","\u006B\u0077","U+006B U+0077","U+006B U+0077","kw","Dakelh,Gitxsanimx̱-Gitsenimx̱-Gyaanimx̱,Hulʼqʼumiʼnumʼ / Halqʼeméylem / hən̓q̓əmin̓əm̓,Tseʼkhene,kwakiutl,Kwak̕wala,St̓át̓imcets,Nedutʼen / Witsuwitʼen,Nisg̱aʼa,Nɬeʔkepmxcín,Nuxalk,Secwepemctsín,Sgüüx̱s,she shashishalhem,Sm'algya̱x,Southern Tutchone,Lingít,Tsilhqotʼin"
"kw’","kw’","kw’","\u006B\u0077\u2019","\u006B\u0077\u2019","U+006B U+0077 U+2019","U+006B U+0077 U+2019","kw'","Dakelh,Hulʼqʼumiʼnumʼ / Halqʼeméylem / hən̓q̓əmin̓əm̓,Tseʼkhene,Nuxalk,Tsilhqotʼin,Nedutʼen / Witsuwitʼen"
"lh","lh","lh","\u006C\u0068","\u006C\u0068","U+006C U+0068","U+006C U+0068","lh","Dakelh,Hulʼqʼumiʼnumʼ / Halqʼeméylem / hən̓q̓əmin̓əm̓,Tseʼkhene,St̓át̓imcets,Nedutʼen / Witsuwitʼen,Nɬeʔkepmxcín,Nuxalk,she shashishalhem,Dane-Ẕaa,Tsilhqotʼin,ʼWuik̓ala"
"’o","’o","’o","\u2019\u006F","\u2019\u006F","U+2019 U+006F","U+2019 U+006F","'o","Dakelh,X̄enaksialak̓ala / X̄aʼislak̓ala"
"o’","o’","o’","\u006F\u2019","\u006F\u2019","U+006F U+2019","U+006F U+2019","o'","Dakelh"
"’o’","’o’","’o’","\u2019\u006F\u2019","\u2019\u006F\u2019","U+2019 U+006F U+2019","U+2019 U+006F U+2019","'o'","Dakelh"
"oo","oo","oo","\u006F\u006F","\u006F\u006F","U+006F U+006F","U+006F U+006F","oo","Dakelh,diitiidʔaaʔtx̣,nuučaan̓uł,Gitxsanimx̱-Gitsenimx̱-Gyaanimx̱,Hulʼqʼumiʼnumʼ / Halqʼeméylem / hən̓q̓əmin̓əm̓,Tseʼkhene,kyuquot-checleseht,Nisg̱aʼa,Nɬeʔkepmxcín,Sgüüx̱s,Sm'algya̱x,Lingít"
"’oo","’oo","’oo","\u2019\u006F\u006F","\u2019\u006F\u006F","U+2019 U+006F U+006F","U+2019 U+006F U+006F","'oo","Dakelh"
"oo’","oo’","oo’","\u006F\u006F\u2019","\u006F\u006F\u2019","U+006F U+006F U+2019","U+006F U+006F U+2019","oo'","Dakelh"
"’oo’","’oo’","’oo’","\u2019\u006F\u006F\u2019","\u2019\u006F\u006F\u2019","U+2019 U+006F U+006F U+2019","U+2019 U+006F U+006F U+2019","'oo'","Dakelh"
"s̲","s̲","s̲","\u0073\u0332","\u0073\u0332","U+0073 U+0332","U+0073 U+0332","s","Dakelh,St̓át̓imcets,Dane-Ẕaa"
"sh","sh","sh","\u0073\u0068","\u0073\u0068","U+0073 U+0068","U+0073 U+0068","sh","Dakelh,Danezāgéʼ,Hulʼqʼumiʼnumʼ / Halqʼeméylem / hən̓q̓əmin̓əm̓,Dene Kʼe,Tseʼkhene,Nɬeʔkepmxcín,she shashishalhem,Southern Tutchone,Tāłtān,Lingít,Dane-Ẕaa,Tsilhqotʼin"
"t’","t’","t’","\u0074\u2019","\u0074\u2019","U+0074 U+2019","U+0074 U+2019","t'","Dakelh,Hulʼqʼumiʼnumʼ / Halqʼeméylem / hən̓q̓əmin̓əm̓,Tseʼkhene,Nuxalk,Tāłtān,Lingít,Dane-Ẕaa,Tsilhqotʼin,Nedutʼen / Witsuwitʼen"
"tl","tl","tl","\u0074\u006C","\u0074\u006C","U+0074 U+006C","U+0074 U+006C","tl","Dakelh,Danezāgéʼ,X̱aad Kil / X̱aayda Kil,Tseʼkhene,Nedutʼen / Witsuwitʼen,Southern Tutchone,Tāłtān,Lingít,Dane-Ẕaa,Tsilhqotʼin"
"tl’","tl’","tl’","\u0074\u006C\u2019","\u0074\u006C\u2019","U+0074 U+006C U+2019","U+0074 U+006C U+2019","tl'","Dakelh,Hulʼqʼumiʼnumʼ / Halqʼeméylem / hən̓q̓əmin̓əm̓,Tseʼkhene,Nuxalk,Tāłtān,Lingít,Dane-Ẕaa,Tsilhqotʼin,Nedutʼen / Witsuwitʼen"
"ts","ts","ts","\u0074\u0073","\u0074\u0073","U+0074 U+0073","U+0074 U+0073","ts","Dakelh,Danezāgéʼ,Gitxsanimx̱-Gitsenimx̱-Gyaanimx̱,Hulʼqʼumiʼnumʼ / Halqʼeméylem / hən̓q̓əmin̓əm̓,Tseʼkhene,kwakiutl,Kwak̕wala,St̓át̓imcets,Nedutʼen / Witsuwitʼen,Nisg̱aʼa,Nuxalk,Secwepemctsín,Sgüüx̱s,she shashishalhem,Sm'algya̱x,Southern Tutchone,Tāłtān,Lingít,Dane-Ẕaa,Tsilhqotʼin,X̱aad Kil / X̱aayda Kil"
"ts’","ts’","ts’","\u0074\u0073\u2019","\u0074\u0073\u2019","U+0074 U+0073 U+2019","U+0074 U+0073 U+2019","ts'","Dakelh,Hulʼqʼumiʼnumʼ / Halqʼeméylem / hən̓q̓əmin̓əm̓,Tseʼkhene,Nuxalk,Tāłtān,Lingít,Dane-Ẕaa,Tsilhqotʼin,Nedutʼen / Witsuwitʼen"
"t̲s̲","t̲s̲","t̲s̲","\u0074\u0332\u0073\u0332","\u0074\u0332\u0073\u0332","U+0074 U+0332 U+0073 U+0332","U+0074 U+0332 U+0073 U+0332","ts","Dakelh,St̓át̓imcets,Dane-Ẕaa"
"u","u","u","\u0075","\u0075","U+0075","U+0075","u","Dakelh,Danezāgéʼ,diitiidʔaaʔtx̣,nuučaan̓uł,Gitxsanimx̱-Gitsenimx̱-Gyaanimx̱,Haíɫzaqvḷa,X̄enaksialak̓ala / X̄aʼislak̓ala,Hulʼqʼumiʼnumʼ / Halqʼeméylem / hən̓q̓əmin̓əm̓,X̱aad Kil / X̱aayda Kil,Éy7á7juuthem,Dene Kʼe,Nɬeʔkepmxcín,Ktunaxa,Tseʼkhene,kwakiutl,Kwak̕wala,kyuquot-checleseht,SENĆOŦEN / Malchosen / Lekwungen / Semiahmoo / TʼSou-ke,St̓át̓imcets,Nedutʼen / Witsuwitʼen,Nisg̱aʼa,Nsyilxcən,Nuxalk,Secwepemctsín,Sgüüx̱s,she shashishalhem,Sm'algya̱x,Southern Tutchone,Tāłtān,Lingít,Dane-Ẕaa,Tsilhqotʼin,ʼWuik̓ala"
"’u","’u","’u","\u2019\u0075","\u2019\u0075","U+2019 U+0075","U+2019 U+0075","'u","Dakelh,X̄enaksialak̓ala / X̄aʼislak̓ala"
"u’","u’","u’","\u0075\u2019","\u0075\u2019","U+0075 U+2019","U+0075 U+2019","u'","Dakelh"
"’u’","’u’","’u’","\u2019\u0075\u2019","\u2019\u0075\u2019","U+2019 U+0075 U+2019","U+2019 U+0075 U+2019","'u'","Dakelh"
"ai","ai","ai","\u0061\u0069","\u0061\u0069","U+0061 U+0069","U+0061 U+0069","ai","Dakelh,Dane-Ẕaa"
"’ai","’ai","’ai","\u2019\u0061\u0069","\u2019\u0061\u0069","U+2019 U+0061 U+0069","U+2019 U+0061 U+0069","'ai","Dakelh"
"ai’","ai’","ai’","\u0061\u0069\u2019","\u0061\u0069\u2019","U+0061 U+0069 U+2019","U+0061 U+0069 U+2019","ai'","Dakelh"
"’ai’","’ai’","’ai’","\u2019\u0061\u0069\u2019","\u2019\u0061\u0069\u2019","U+2019 U+0061 U+0069 U+2019","U+2019 U+0061 U+0069 U+2019","'ai'","Dakelh"
"wh","wh","wh","\u0077\u0068","\u0077\u0068","U+0077 U+0068","U+0077 U+0068","wh","Dakelh,Nedutʼen / Witsuwitʼen,Tsilhqotʼin"
"z","z","z","\u007A","\u007A","U+007A","U+007A","z","Dakelh,Danezāgéʼ,Haíɫzaqvḷa,X̄enaksialak̓ala / X̄aʼislak̓ala,Dene Kʼe,Nɬeʔkepmxcín,Tseʼkhene,St̓át̓imcets,Nedutʼen / Witsuwitʼen,Southern Tutchone,Tāłtān,Dane-Ẕaa,Tsilhqotʼin,ʼWuik̓ala"
"á","á","á","\u0061\u0301","\u00E1","U+0061 U+0301","U+00E1","a","Danezāgéʼ,Haíɫzaqvḷa,Dene Kʼe,Nɬeʔkepmxcín,St̓át̓imcets,Nsyilxcən,Secwepemctsín,Southern Tutchone,Hulʼqʼumiʼnumʼ / Halqʼeméylem / hən̓q̓əmin̓əm̓,Lingít,X̱aad Kil / X̱aayda Kil"
"ą","ą","ą","\u0061\u0328","\u0105","U+0061 U+0328","U+0105","a","Danezāgéʼ,Dene Kʼe,Tseʼkhene,Southern Tutchone,Dane-Ẕaa"
"ą́","ą́","ą́","\u0061\u0328\u0301","\u0105\u0301","U+0061 U+0328 U+0301","U+0105 U+0301","a","Danezāgéʼ,Dene Kʼe,Southern Tutchone"
"ā́","ā́","ā́","\u0061\u0304\u0301","\u0101\u0301","U+0061 U+0304 U+0301","U+0101 U+0301","a","Danezāgéʼ,Southern Tutchone"
"â","â","â","\u0061\u0302","\u00E2","U+0061 U+0302","U+00E2","a","Danezāgéʼ,Southern Tutchone"
"ǎ","ǎ","ǎ","\u0061\u030C","\u01CE","U+0061 U+030C","U+01CE","a","Danezāgéʼ,Southern Tutchone"
"ą̄","ą̄","ą̄","\u0061\u0328\u0304","\u0105\u0304","U+0061 U+0328 U+0304","U+0105 U+0304","a","Danezāgéʼ,Southern Tutchone"
"ą̄́","ą̄́","ą̄́","\u0061\u0328\u0304\u0301","\u0105\u0304\u0301","U+0061 U+0328 U+0304 U+0301","U+0105 U+0304 U+0301","a","Danezāgéʼ"
"ą̂","ą̂","ą̂","\u0061\u0328\u0302","\u0105\u0302","U+0061 U+0328 U+0302","U+0105 U+0302","a","Danezāgéʼ"
"ą̌","ą̌","ą̌","\u0061\u0328\u030C","\u0105\u030C","U+0061 U+0328 U+030C","U+0105 U+030C","a","Danezāgéʼ"
"chʼ","chʼ","chʼ","\u0063\u0068\u02BC","\u0063\u0068\u02BC","U+0063 U+0068 U+02BC","U+0063 U+0068 U+02BC","ch'","Danezāgéʼ,Southern Tutchone"
"é","é","é","\u0065\u0301","\u00E9","U+0065 U+0301","U+00E9","e","Danezāgéʼ,Dene Kʼe,Nɬeʔkepmxcín,St̓át̓imcets,Secwepemctsín,Southern Tutchone,Hulʼqʼumiʼnumʼ / Halqʼeméylem / hən̓q̓əmin̓əm̓,Lingít"
"ę","ę","ę","\u0065\u0328","\u0119","U+0065 U+0328","U+0119","e","Danezāgéʼ,Dene Kʼe,Tseʼkhene,Southern Tutchone,Dane-Ẕaa"
"ę́","ę́","ę́","\u0065\u0328\u0301","\u0119\u0301","U+0065 U+0328 U+0301","U+0119 U+0301","e","Danezāgéʼ"
"ḗ","ḗ","ḗ","\u0065\u0304\u0301","\u1E17","U+0065 U+0304 U+0301","U+1E17","e","Danezāgéʼ,Southern Tutchone"
"ê","ê","ê","\u0065\u0302","\u00EA","U+0065 U+0302","U+00EA","e","Danezāgéʼ,Southern Tutchone"
"ě","ě","ě","\u0065\u030C","\u011B","U+0065 U+030C","U+011B","e","Danezāgéʼ,Southern Tutchone"
"ę̄","ę̄","ę̄","\u0065\u0328\u0304","\u0119\u0304","U+0065 U+0328 U+0304","U+0119 U+0304","e","Danezāgéʼ"
"ę̄́","ę̄́","ę̄́","\u0065\u0328\u0304\u0301","\u0119\u0304\u0301","U+0065 U+0328 U+0304 U+0301","U+0119 U+0304 U+0301","e","Danezāgéʼ"
"ę̂","ę̂","ę̂","\u0065\u0328\u0302","\u0119\u0302","U+0065 U+0328 U+0302","U+0119 U+0302","e","Danezāgéʼ"
"ę̌","ę̌","ę̌","\u0065\u0328\u030C","\u0119\u030C","U+0065 U+0328 U+030C","U+0119 U+030C","e","Danezāgéʼ"
"f","f","f","\u0066","\u0066","U+0066","U+0066","f","Danezāgéʼ,Dene Kʼe"
"í","í","í","\u0069\u0301","\u00ED","U+0069 U+0301","U+00ED","i","Danezāgéʼ,Haíɫzaqvḷa,Nɬeʔkepmxcín,St̓át̓imcets,Nsyilxcən,Secwepemctsín,Southern Tutchone,Lingít,X̱aad Kil / X̱aayda Kil"
"į","į","į","\u0069\u0328","\u012F","U+0069 U+0328","U+012F","i","Danezāgéʼ,Tseʼkhene,Southern Tutchone"
"į́","į́","į́","\u0069\u0328\u0301","\u012F\u0301","U+0069 U+0328 U+0301","U+012F U+0301","i","Danezāgéʼ"
"ī","ī","ī","\u0069\u0304","\u012B","U+0069 U+0304","U+012B","i","Danezāgéʼ,Southern Tutchone,Tāłtān"
"ī́","ī́","ī́","\u0069\u0304\u0301","\u012B\u0301","U+0069 U+0304 U+0301","U+012B U+0301","i","Danezāgéʼ,Southern Tutchone"
"î","î","î","\u0069\u0302","\u00EE","U+0069 U+0302","U+00EE","i","Danezāgéʼ,Southern Tutchone"
"ǐ","ǐ","ǐ","\u0069\u030C","\u01D0","U+0069 U+030C","U+01D0","i","Danezāgéʼ,Southern Tutchone"
"į̄","į̄","į̄","\u0069\u0328\u0304","\u012F\u0304","U+0069 U+0328 U+0304","U+012F U+0304","i","Danezāgéʼ"
"į̄́","į̄́","į̄́","\u0069\u0328\u0304\u0301","\u012F\u0304\u0301","U+0069 U+0328 U+0304 U+0301","U+012F U+0304 U+0301","i","Danezāgéʼ"
"į̂","į̂","į̂","\u0069\u0328\u0302","\u012F\u0302","U+0069 U+0328 U+0302","U+012F U+0302","i","Danezāgéʼ"
"į̌","į̌","į̌","\u0069\u0328\u030C","\u012F\u030C","U+0069 U+0328 U+030C","U+012F U+030C","i","Danezāgéʼ"
"kʼ","kʼ","kʼ","\u006B\u02BC","\u006B\u02BC","U+006B U+02BC","U+006B U+02BC","k'","Danezāgéʼ,Southern Tutchone"
"ł","ł","ł","\u0142","\u0142","U+0142","U+0142","l","Danezāgéʼ,diitiidʔaaʔtx̣,nuučaan̓uł,Dene Kʼe,Nɬeʔkepmxcín,kwakiutl,Kwak̕wala,kyuquot-checleseht,Sgüüx̱s,Sm'algya̱x,Southern Tutchone,Nsyilxcən,Tāłtān"
"ó","ó","ó","\u006F\u0301","\u00F3","U+006F U+0301","U+00F3","o","Danezāgéʼ,Dene Kʼe,Nɬeʔkepmxcín,St̓át̓imcets,Secwepemctsín,Southern Tutchone"
"ǫ","ǫ","ǫ","\u006F\u0328","\u01EB","U+006F U+0328","U+01EB","o","Danezāgéʼ,Dene Kʼe,Tseʼkhene,Southern Tutchone,Dane-Ẕaa"
"ǫ́","ǫ́","ǫ́","\u006F\u0328\u0301","\u01EB\u0301","U+006F U+0328 U+0301","U+01EB U+0301","o","Danezāgéʼ,Dene Kʼe"
"ṓ","ṓ","ṓ","\u006F\u0304\u0301","\u1E53","U+006F U+0304 U+0301","U+1E53","o","Danezāgéʼ,Southern Tutchone"
"ô","ô","ô","\u006F\u0302","\u00F4","U+006F U+0302","U+00F4","o","Danezāgéʼ,Southern Tutchone"
"ǒ","ǒ","ǒ","\u006F\u030C","\u01D2","U+006F U+030C","U+01D2","o","Danezāgéʼ,Southern Tutchone"
"ǭ","ǭ","ǭ","\u006F\u0328\u0304","\u01ED","U+006F U+0328 U+0304","U+01ED","o","Danezāgéʼ"
"ǭ́","ǭ́","ǭ́","\u006F\u0328\u0304\u0301","\u01ED\u0301","U+006F U+0328 U+0304 U+0301","U+01ED U+0301","o","Danezāgéʼ"
"ǫ̂","ǫ̂","ǫ̂","\u006F\u0328\u0302","\u01EB\u0302","U+006F U+0328 U+0302","U+01EB U+0302","o","Danezāgéʼ"
"ǫ̌","ǫ̌","ǫ̌","\u006F\u0328\u030C","\u01EB\u030C","U+006F U+0328 U+030C","U+01EB U+030C","o","Danezāgéʼ"
"r","r","r","\u0072","\u0072","U+0072","U+0072","r","Danezāgéʼ,Dene Kʼe,St̓át̓imcets,Nsyilxcən,Secwepemctsín,Southern Tutchone"
"tʼ","tʼ","tʼ","\u0074\u02BC","\u0074\u02BC","U+0074 U+02BC","U+0074 U+02BC","t'","Danezāgéʼ,Southern Tutchone"
"tlʼ","tlʼ","tlʼ","\u0074\u006C\u02BC","\u0074\u006C\u02BC","U+0074 U+006C U+02BC","U+0074 U+006C U+02BC","tl'","Danezāgéʼ,Southern Tutchone"
"tsʼ","tsʼ","tsʼ","\u0074\u0073\u02BC","\u0074\u0073\u02BC","U+0074 U+0073 U+02BC","U+0074 U+0073 U+02BC","ts'","Danezāgéʼ,Southern Tutchone"
"ú","ú","ú","\u0075\u0301","\u00FA","U+0075 U+0301","U+00FA","u","Danezāgéʼ,Haíɫzaqvḷa,Dene Kʼe,Nɬeʔkepmxcín,St̓át̓imcets,Nsyilxcən,Secwepemctsín,Southern Tutchone,Lingít,X̱aad Kil / X̱aayda Kil"
"ų","ų","ų","\u0075\u0328","\u0173","U+0075 U+0328","U+0173","u","Danezāgéʼ,Dene Kʼe,Tseʼkhene,Southern Tutchone"
"ų́","ų́","ų́","\u0075\u0328\u0301","\u0173\u0301","U+0075 U+0328 U+0301","U+0173 U+0301","u","Danezāgéʼ"
"ū","ū","ū","\u0075\u0304","\u016B","U+0075 U+0304","U+016B","u","Danezāgéʼ,Southern Tutchone,Tāłtān"
"ū́","ū́","ū́","\u0075\u0304\u0301","\u016B\u0301","U+0075 U+0304 U+0301","U+016B U+0301","u","Danezāgéʼ,Southern Tutchone"
"û","û","û","\u0075\u0302","\u00FB","U+0075 U+0302","U+00FB","u","Danezāgéʼ,Southern Tutchone"
"ǔ","ǔ","ǔ","\u0075\u030C","\u01D4","U+0075 U+030C","U+01D4","u","Danezāgéʼ,Southern Tutchone"
"ų̄","ų̄","ų̄","\u0075\u0328\u0304","\u0173\u0304","U+0075 U+0328 U+0304","U+0173 U+0304","u","Danezāgéʼ"
"ų̄́","ų̄́","ų̄́","\u0075\u0328\u0304\u0301","\u0173\u0304\u0301","U+0075 U+0328 U+0304 U+0301","U+0173 U+0304 U+0301","u","Danezāgéʼ"
"ų̂","ų̂","ų̂","\u0075\u0328\u0302","\u0173\u0302","U+0075 U+0328 U+0302","U+0173 U+0302","u","Danezāgéʼ"
"ų̌","ų̌","ų̌","\u0075\u0328\u030C","\u0173\u030C","U+0075 U+0328 U+030C","U+0173 U+030C","u","Danezāgéʼ"
"ÿ","ÿ","ÿ","\u0079\u0308","\u00FF","U+0079 U+0308","U+00FF","y","Danezāgéʼ,Lingít"
"ʼ","ʼ","ʼ","\u02BC","\u02BC","U+02BC","U+02BC","'","Danezāgéʼ,Southern Tutchone"
"aa","aa","aa","\u0061\u0061","\u0061\u0061","U+0061 U+0061","U+0061 U+0061","aa","diitiidʔaaʔtx̣,nuučaan̓uł,Gitxsanimx̱-Gitsenimx̱-Gyaanimx̱,X̱aad Kil / X̱aayda Kil,Hulʼqʼumiʼnumʼ / Halqʼeméylem / hən̓q̓əmin̓əm̓,kyuquot-checleseht,Nisg̱aʼa,Nuxalk,Sgüüx̱s,Sm'algya̱x,Lingít,Dane-Ẕaa"
"b̓","b̓","b̓","\u0062\u0313","\u0062\u0313","U+0062 U+0313","U+0062 U+0313","b","diitiidʔaaʔtx̣"
"c̓","c̓","c̓","\u0063\u0313","\u0063\u0313","U+0063 U+0313","U+0063 U+0313","c","diitiidʔaaʔtx̣,nuučaan̓uł,Haíɫzaqvḷa,X̄enaksialak̓ala / X̄aʼislak̓ala,Nɬeʔkepmxcín,kyuquot-checleseht,SENĆOŦEN / Malchosen / Lekwungen / Semiahmoo / TʼSou-ke,Kwak̕wala,Nsyilxcən,Hulʼqʼumiʼnumʼ / Halqʼeméylem / hən̓q̓əmin̓əm̓,ʼWuik̓ala"
"č","č","č","\u0063\u030C","\u010D","U+0063 U+030C","U+010D","c","diitiidʔaaʔtx̣,nuučaan̓uł,Éy7á7juuthem,kyuquot-checleseht,SENĆOŦEN / Malchosen / Lekwungen / Semiahmoo / TʼSou-ke,Hulʼqʼumiʼnumʼ / Halqʼeméylem / hən̓q̓əmin̓əm̓"
"č̓","č̓","č̓","\u0063\u030C\u0313","\u010D\u0313","U+0063 U+030C U+0313","U+010D U+0313","c","diitiidʔaaʔtx̣,nuučaan̓uł,Éy7á7juuthem,kyuquot-checleseht,SENĆOŦEN / Malchosen / Lekwungen / Semiahmoo / TʼSou-ke"
"d̓","d̓","d̓","\u0064\u0313","\u0064\u0313","U+0064 U+0313","U+0064 U+0313","d","diitiidʔaaʔtx̣"
"ee","ee","ee","\u0065\u0065","\u0065\u0065","U+0065 U+0065","U+0065 U+0065","ee","diitiidʔaaʔtx̣,nuučaan̓uł,Gitxsanimx̱-Gitsenimx̱-Gyaanimx̱,Hulʼqʼumiʼnumʼ / Halqʼeméylem / hən̓q̓əmin̓əm̓,kyuquot-checleseht,Nedutʼen / Witsuwitʼen,Nisg̱aʼa,Nɬeʔkepmxcín,Sgüüx̱s,Sm'algya̱x,Lingít,X̱aad Kil / X̱aayda Kil"
"ii","ii","ii","\u0069\u0069","\u0069\u0069","U+0069 U+0069","U+0069 U+0069","ii","diitiidʔaaʔtx̣,nuučaan̓uł,Gitxsanimx̱-Gitsenimx̱-Gyaanimx̱,X̱aad Kil / X̱aayda Kil,Hulʼqʼumiʼnumʼ / Halqʼeméylem / hən̓q̓əmin̓əm̓,Tseʼkhene,kyuquot-checleseht,St̓át̓imcets,Nisg̱aʼa,Nuxalk,Sgüüx̱s,Sm'algya̱x,Dane-Ẕaa"
"kʷ","kʷ","kʷ","\u006B\u02B7","\u006B\u02B7","U+006B U+02B7","U+006B U+02B7","kw","diitiidʔaaʔtx̣,nuučaan̓uł,Éy7á7juuthem,Nɬeʔkepmxcín,kyuquot-checleseht,SENĆOŦEN / Malchosen / Lekwungen / Semiahmoo / TʼSou-ke,Kwak̕wala,Nsyilxcən,Hulʼqʼumiʼnumʼ / Halqʼeméylem / hən̓q̓əmin̓əm̓"
"k̓","k̓","k̓","\u006B\u0313","\u006B\u0313","U+006B U+0313","U+006B U+0313","k","diitiidʔaaʔtx̣,nuučaan̓uł,Haíɫzaqvḷa,X̄enaksialak̓ala / X̄aʼislak̓ala,Éy7á7juuthem,Nɬeʔkepmxcín,Ktunaxa,kwakiutl,Kwak̕wala,kyuquot-checleseht,St̓át̓imcets,Nsyilxcən,Secwepemctsín,ʼWuik̓ala"
"k̓ʷ","k̓ʷ","k̓ʷ","\u006B\u0313\u02B7","\u006B\u0313\u02B7","U+006B U+0313 U+02B7","U+006B U+0313 U+02B7","kw","diitiidʔaaʔtx̣,nuučaan̓uł,Éy7á7juuthem,Nɬeʔkepmxcín,kyuquot-checleseht,SENĆOŦEN / Malchosen / Lekwungen / Semiahmoo / TʼSou-ke,Kwak̕wala,Nsyilxcən,Hulʼqʼumiʼnumʼ / Halqʼeméylem / hən̓q̓əmin̓əm̓"
"l̓","l̓","l̓","\u006C\u0313","\u006C\u0313","U+006C U+0313","U+006C U+0313","l","diitiidʔaaʔtx̣,Haíɫzaqvḷa,X̄enaksialak̓ala / X̄aʼislak̓ala,Éy7á7juuthem,Nɬeʔkepmxcín,St̓át̓imcets,Kwak̕wala,Nisg̱aʼa,Nsyilxcən,Secwepemctsín,Hulʼqʼumiʼnumʼ / Halqʼeméylem / hən̓q̓əmin̓əm̓,ʼWuik̓ala"
"ƛ","ƛ","ƛ","\u019B","\u019B","U+019B","U+019B","l","diitiidʔaaʔtx̣,nuučaan̓uł,Haíɫzaqvḷa,Éy7á7juuthem,kyuquot-checleseht,Kwak̕wala,Hulʼqʼumiʼnumʼ / Halqʼeméylem / hən̓q̓əmin̓əm̓"
"ƛ̓","ƛ̓","ƛ̓","\u019B\u0313","\u019B\u0313","U+019B U+0313","U+019B U+0313","l","diitiidʔaaʔtx̣,nuučaan̓uł,Haíɫzaqvḷa,Éy7á7juuthem,Nɬeʔkepmxcín,kyuquot-checleseht,SENĆOŦEN / Malchosen / Lekwungen / Semiahmoo / TʼSou-ke,Kwak̕wala,Nsyilxcən"
"m̓","m̓","m̓","\u006D\u0313","\u006D\u0313","U+006D U+0313","U+006D U+0313","m","diitiidʔaaʔtx̣,nuučaan̓uł,Haíɫzaqvḷa,X̄enaksialak̓ala / X̄aʼislak̓ala,Éy7á7juuthem,Nɬeʔkepmxcín,Ktunaxa,kyuquot-checleseht,St̓át̓imcets,Kwak̕wala,Nisg̱aʼa,Nsyilxcən,Secwepemctsín,Hulʼqʼumiʼnumʼ / Halqʼeméylem / hən̓q̓əmin̓əm̓,ʼWuik̓ala"
"n̓","n̓","n̓","\u006E\u0313","\u006E\u0313","U+006E U+0313","U+006E U+0313","n","diitiidʔaaʔtx̣,nuučaan̓uł,Haíɫzaqvḷa,X̄enaksialak̓ala / X̄aʼislak̓ala,Éy7á7juuthem,Nɬeʔkepmxcín,Ktunaxa,kyuquot-checleseht,St̓át̓imcets,Kwak̕wala,Nisg̱aʼa,Nsyilxcən,Secwepemctsín,Hulʼqʼumiʼnumʼ / Halqʼeméylem / hən̓q̓əmin̓əm̓,ʼWuik̓ala"
"p̓","p̓","p̓","\u0070\u0313","\u0070\u0313","U+0070 U+0313","U+0070 U+0313","p","diitiidʔaaʔtx̣,nuučaan̓uł,Haíɫzaqvḷa,X̄enaksialak̓ala / X̄aʼislak̓ala,Éy7á7juuthem,Nɬeʔkepmxcín,Ktunaxa,kwakiutl,Kwak̕wala,kyuquot-checleseht,SENĆOŦEN / Malchosen / Lekwungen / Semiahmoo / TʼSou-ke,St̓át̓imcets,Nsyilxcən,Secwepemctsín,Hulʼqʼumiʼnumʼ / Halqʼeméylem / hən̓q̓əmin̓əm̓,ʼWuik̓ala"
"q","q","q","\u0071","\u0071","U+0071","U+0071","q","diitiidʔaaʔtx̣,nuučaan̓uł,Haíɫzaqvḷa,X̄enaksialak̓ala / X̄aʼislak̓ala,Hulʼqʼumiʼnumʼ / Halqʼeméylem / hən̓q̓əmin̓əm̓,Éy7á7juuthem,Nɬeʔkepmxcín,Ktunaxa,kyuquot-checleseht,SENĆOŦEN / Malchosen / Lekwungen / Semiahmoo / TʼSou-ke,St̓át̓imcets,Kwak̕wala,Nsyilxcən,Nuxalk,Secwepemctsín,Tsilhqotʼin,ʼWuik̓ala"
"qʷ","qʷ","qʷ","\u0071\u02B7","\u0071\u02B7","U+0071 U+02B7","U+0071 U+02B7","qw","diitiidʔaaʔtx̣,nuučaan̓uł,Éy7á7juuthem,Nɬeʔkepmxcín,kyuquot-checleseht,SENĆOŦEN / Malchosen / Lekwungen / Semiahmoo / TʼSou-ke,Kwak̕wala,Nsyilxcən,Hulʼqʼumiʼnumʼ / Halqʼeméylem / hən̓q̓əmin̓əm̓"
"q̓","q̓","q̓","\u0071\u0313","\u0071\u0313","U+0071 U+0313","U+0071 U+0313","q","diitiidʔaaʔtx̣,Haíɫzaqvḷa,X̄enaksialak̓ala / X̄aʼislak̓ala,Éy7á7juuthem,Nɬeʔkepmxcín,Ktunaxa,SENĆOŦEN / Malchosen / Lekwungen / Semiahmoo / TʼSou-ke,St̓át̓imcets,Kwak̕wala,Nsyilxcən,Secwepemctsín,Hulʼqʼumiʼnumʼ / Halqʼeméylem / hən̓q̓əmin̓əm̓,ʼWuik̓ala"
"q̓ʷ","q̓ʷ","q̓ʷ","\u0071\u0313\u02B7","\u0071\u0313\u02B7","U+0071 U+0313 U+02B7","U+0071 U+0313 U+02B7","qw","diitiidʔaaʔtx̣,Éy7á7juuthem,Nɬeʔkepmxcín,SENĆOŦEN / Malchosen / Lekwungen / Semiahmoo / TʼSou-ke,Kwak̕wala,Nsyilxcən,Hulʼqʼumiʼnumʼ / Halqʼeméylem / hən̓q̓əmin̓əm̓"
"š","š","š","\u0073\u030C","\u0161","U+0073 U+030C","U+0161","s","diitiidʔaaʔtx̣,nuučaan̓uł,Éy7á7juuthem,kyuquot-checleseht,SENĆOŦEN / Malchosen / Lekwungen / Semiahmoo / TʼSou-ke,Hulʼqʼumiʼnumʼ / Halqʼeméylem / hən̓q̓əmin̓əm̓"
"t̓","t̓","t̓","\u0074\u0313","\u0074\u0313","U+0074 U+0313","U+0074 U+0313","t","diitiidʔaaʔtx̣,nuučaan̓uł,Haíɫzaqvḷa,X̄enaksialak̓ala / X̄aʼislak̓ala,Éy7á7juuthem,Nɬeʔkepmxcín,kwakiutl,Kwak̕wala,kyuquot-checleseht,SENĆOŦEN / Malchosen / Lekwungen / Semiahmoo / TʼSou-ke,St̓át̓imcets,Nsyilxcən,Secwepemctsín,Hulʼqʼumiʼnumʼ / Halqʼeméylem / hən̓q̓əmin̓əm̓,ʼWuik̓ala"
"uu","uu","uu","\u0075\u0075","\u0075\u0075","U+0075 U+0075","U+0075 U+0075","uu","diitiidʔaaʔtx̣,nuučaan̓uł,Gitxsanimx̱-Gitsenimx̱-Gyaanimx̱,X̱aad Kil / X̱aayda Kil,kyuquot-checleseht,Nisg̱aʼa,Nuxalk,Sgüüx̱s,Sm'algya̱x,Dane-Ẕaa"
"w̓","w̓","w̓","\u0077\u0313","\u0077\u0313","U+0077 U+0313","U+0077 U+0313","w","diitiidʔaaʔtx̣,nuučaan̓uł,Haíɫzaqvḷa,X̄enaksialak̓ala / X̄aʼislak̓ala,Éy7á7juuthem,Nɬeʔkepmxcín,kyuquot-checleseht,St̓át̓imcets,Kwak̕wala,Nisg̱aʼa,Nsyilxcən,Secwepemctsín,Hulʼqʼumiʼnumʼ / Halqʼeméylem / hən̓q̓əmin̓əm̓,ʼWuik̓ala"
"x","x","x","\u0078","\u0078","U+0078","U+0078","x","diitiidʔaaʔtx̣,nuučaan̓uł,Gitxsanimx̱-Gitsenimx̱-Gyaanimx̱,Haíɫzaqvḷa,X̄enaksialak̓ala / X̄aʼislak̓ala,Hulʼqʼumiʼnumʼ / Halqʼeméylem / hən̓q̓əmin̓əm̓,X̱aad Kil / X̱aayda Kil,Dene Kʼe,Nɬeʔkepmxcín,Ktunaxa,kwakiutl,Kwak̕wala,kyuquot-checleseht,St̓át̓imcets,Nisg̱aʼa,Nsyilxcən,Nuxalk,Secwepemctsín,Sgüüx̱s,she shashishalhem,Sm'algya̱x,Lingít,Tsilhqotʼin,ʼWuik̓ala"
"xʷ","xʷ","xʷ","\u0078\u02B7","\u0078\u02B7","U+0078 U+02B7","U+0078 U+02B7","xw","diitiidʔaaʔtx̣,nuučaan̓uł,Éy7á7juuthem,Nɬeʔkepmxcín,kyuquot-checleseht,SENĆOŦEN / Malchosen / Lekwungen / Semiahmoo / TʼSou-ke,Kwak̕wala,Nsyilxcən,Hulʼqʼumiʼnumʼ / Halqʼeméylem / hən̓q̓əmin̓əm̓"
"x̣","x̣","x̣","\u0078\u0323","\u0078\u0323","U+0078 U+0323","U+0078 U+0323","x","diitiidʔaaʔtx̣,nuučaan̓uł,Nɬeʔkepmxcín,kyuquot-checleseht,SENĆOŦEN / Malchosen / Lekwungen / Semiahmoo / TʼSou-ke"
"x̣ʷ","x̣ʷ","x̣ʷ","\u0078\u0323\u02B7","\u0078\u0323\u02B7","U+0078 U+0323 U+02B7","U+0078 U+0323 U+02B7","xw","diitiidʔaaʔtx̣,nuučaan̓uł,Nɬeʔkepmxcín,kyuquot-checleseht,SENĆOŦEN / Malchosen / Lekwungen / Semiahmoo / TʼSou-ke"
"y̓","y̓","y̓","\u0079\u0313","\u0079\u0313","U+0079 U+0313","U+0079 U+0313","y","diitiidʔaaʔtx̣,nuučaan̓uł,Haíɫzaqvḷa,X̄enaksialak̓ala / X̄aʼislak̓ala,Éy7á7juuthem,Nɬeʔkepmxcín,kyuquot-checleseht,St̓át̓imcets,Kwak̕wala,Nisg̱aʼa,Nsyilxcən,Secwepemctsín,Hulʼqʼumiʼnumʼ / Halqʼeméylem / hən̓q̓əmin̓əm̓,ʼWuik̓ala"
"ʔ","ʔ","ʔ","\u0294","\u0294","U+0294","U+0294","'","diitiidʔaaʔtx̣,nuučaan̓uł,Haíɫzaqvḷa,Éy7á7juuthem,Nɬeʔkepmxcín,Ktunaxa,kyuquot-checleseht,SENĆOŦEN / Malchosen / Lekwungen / Semiahmoo / TʼSou-ke,Nsyilxcən,she shashishalhem,Dane-Ẕaa,Tsilhqotʼin,Hulʼqʼumiʼnumʼ / Halqʼeméylem / hən̓q̓əmin̓əm̓"
"ʕ","ʕ","ʕ","\u0295","\u0295","U+0295","U+0295","`","diitiidʔaaʔtx̣,nuučaan̓uł,Nɬeʔkepmxcín,kyuquot-checleseht,Nsyilxcən"
"ḥ","ḥ","ḥ","\u0068\u0323","\u1E25","U+0068 U+0323","U+1E25","h","nuučaan̓uł,kyuquot-checleseht,Nsyilxcən"
"g̱","g̱","g̱","\u0067\u0331","\u0067\u0331","U+0067 U+0331","U+0067 U+0331","g","Gitxsanimx̱-Gitsenimx̱-Gyaanimx̱,X̱aad Kil / X̱aayda Kil,kwakiutl,Kwak̕wala,Nisg̱aʼa,Sgüüx̱s,Sm'algya̱x,Lingít"
"hl","hl","hl","\u0068\u006C","\u0068\u006C","U+0068 U+006C","U+0068 U+006C","hl","Gitxsanimx̱-Gitsenimx̱-Gyaanimx̱,X̱aad Kil / X̱aayda Kil,Nisg̱aʼa"
"k'","k'","k'","\u006B\u0027","\u006B\u0027","U+006B U+0027","U+006B U+0027","k'","Gitxsanimx̱-Gitsenimx̱-Gyaanimx̱,Hulʼqʼumiʼnumʼ / Halqʼeméylem / hən̓q̓əmin̓əm̓,X̱aad Kil / X̱aayda Kil,Dene Kʼe,Dakelh,Nedutʼen / Witsuwitʼen,Nisg̱aʼa,Sgüüx̱s,Sm'algya̱x,Tseʼkhene"
"kw'","kw'","kw'","\u006B\u0077\u0027","\u006B\u0077\u0027","U+006B U+0077 U+0027","U+006B U+0077 U+0027","kw'","Gitxsanimx̱-Gitsenimx̱-Gyaanimx̱,Hulʼqʼumiʼnumʼ / Halqʼeméylem / hən̓q̓əmin̓əm̓,Dakelh,Nedutʼen / Witsuwitʼen,Nisg̱aʼa,Tseʼkhene"
"ḵ","ḵ","ḵ","\u006B\u0331","\u1E35","U+006B U+0331","U+1E35","k","Gitxsanimx̱-Gitsenimx̱-Gyaanimx̱,X̱aad Kil / X̱aayda Kil,kwakiutl,Kwak̕wala,Nisg̱aʼa,Sgüüx̱s,she shashishalhem,Sm'algya̱x,Lingít"
"ḵ'","ḵ'","ḵ'","\u006B\u0331\u0027","\u1E35\u0027","U+006B U+0331 U+0027","U+1E35 U+0027","k'","Gitxsanimx̱-Gitsenimx̱-Gyaanimx̱,X̱aad Kil / X̱aayda Kil,Nisg̱aʼa,Sgüüx̱s,Sm'algya̱x"
"'l","'l","'l","\u0027\u006C","\u0027\u006C","U+0027 U+006C","U+0027 U+006C","'l","Gitxsanimx̱-Gitsenimx̱-Gyaanimx̱,X̱aad Kil / X̱aayda Kil,Sgüüx̱s,Sm'algya̱x"
"'m","'m","'m","\u0027\u006D","\u0027\u006D","U+0027 U+006D","U+0027 U+006D","'m","Gitxsanimx̱-Gitsenimx̱-Gyaanimx̱,Nedutʼen / Witsuwitʼen,Sgüüx̱s,Sm'algya̱x"
"'n","'n","'n","\u0027\u006E","\u0027\u006E","U+0027 U+006E","U+0027 U+006E","'n","Gitxsanimx̱-Gitsenimx̱-Gyaanimx̱,Nedutʼen / Witsuwitʼen,Sgüüx̱s,Sm'algya̱x"
"p'","p'","p'","\u0070\u0027","\u0070\u0027","U+0070 U+0027","U+0070 U+0027","p'","Gitxsanimx̱-Gitsenimx̱-Gyaanimx̱,Hulʼqʼumiʼnumʼ / Halqʼeméylem / hən̓q̓əmin̓əm̓,Nisg̱aʼa,Sgüüx̱s,Sm'algya̱x"
"t'","t'","t'","\u0074\u0027","\u0074\u0027","U+0074 U+0027","U+0074 U+0027","t'","Gitxsanimx̱-Gitsenimx̱-Gyaanimx̱,Hulʼqʼumiʼnumʼ / Halqʼeméylem / hən̓q̓əmin̓əm̓,X̱aad Kil / X̱aayda Kil,Dene Kʼe,Dakelh,Nedutʼen / Witsuwitʼen,Nisg̱aʼa,Sgüüx̱s,Sm'algya̱x,Tseʼkhene"
"tl'","tl'","tl'","\u0074\u006C\u0027","\u0074\u006C\u0027","U+0074 U+006C U+0027","U+0074 U+006C U+0027","tl'","Gitxsanimx̱-Gitsenimx̱-Gyaanimx̱,Hulʼqʼumiʼnumʼ / Halqʼeméylem / hən̓q̓əmin̓əm̓,X̱aad Kil / X̱aayda Kil,Dakelh,Nedutʼen / Witsuwitʼen,Nisg̱aʼa"
"ts'","ts'","ts'","\u0074\u0073\u0027","\u0074\u0073\u0027","U+0074 U+0073 U+0027","U+0074 U+0073 U+0027","ts'","Gitxsanimx̱-Gitsenimx̱-Gyaanimx̱,Hulʼqʼumiʼnumʼ / Halqʼeméylem / hən̓q̓əmin̓əm̓,X̱aad Kil / X̱aayda Kil,Dene Kʼe,Dakelh,Nedutʼen / Witsuwitʼen,Nisg̱aʼa,Sgüüx̱s,Sm'algya̱x,Tseʼkhene"
"'w","'w","'w","\u0027\u0077","\u0027\u0077","U+0027 U+0077","U+0027 U+0077","'w","Gitxsanimx̱-Gitsenimx̱-Gyaanimx̱,Sgüüx̱s,Sm'algya̱x,X̱aad Kil / X̱aayda Kil"
"xw","xw","xw","\u0078\u0077","\u0078\u0077","U+0078 U+0077","U+0078 U+0077","xw","Gitxsanimx̱-Gitsenimx̱-Gyaanimx̱,Hulʼqʼumiʼnumʼ / Halqʼeméylem / hən̓q̓əmin̓əm̓,kwakiutl,Kwak̕wala,St̓át̓imcets,Nisg̱aʼa,Nuxalk,Secwepemctsín,Sgüüx̱s,she shashishalhem,Lingít,Tsilhqotʼin"
"x̱","x̱","x̱","\u0078\u0331","\u0078\u0331","U+0078 U+0331","U+0078 U+0331","x","Gitxsanimx̱-Gitsenimx̱-Gyaanimx̱,Hulʼqʼumiʼnumʼ / Halqʼeméylem / hən̓q̓əmin̓əm̓,X̱aad Kil / X̱aayda Kil,kwakiutl,Kwak̕wala,Nisg̱aʼa,Sgüüx̱s,she shashishalhem,Lingít"
"'y","'y","'y","\u0027\u0079","\u0027\u0079","U+0027 U+0079","U+0027 U+0079","'y","Gitxsanimx̱-Gitsenimx̱-Gyaanimx̱,Sgüüx̱s,Sm'algya̱x,X̱aad Kil / X̱aayda Kil"
"'","'","'","\u0027","\u0027","U+0027","U+0027","'","Gitxsanimx̱-Gitsenimx̱-Gyaanimx̱,Hulʼqʼumiʼnumʼ / Halqʼeméylem / hən̓q̓əmin̓əm̓,Kwak̕wala,Dakelh,Nedutʼen / Witsuwitʼen,Nisg̱aʼa,Sgüüx̱s,Sm'algya̱x,Tseʼkhene,X̱aad Kil / X̱aayda Kil"
"-","-","-","\u002D","\u002D","U+002D","U+002D","-","Gitxsanimx̱-Gitsenimx̱-Gyaanimx̱,Nɬeʔkepmxcín"
"λ","λ","λ","\u03BB","\u03BB","U+03BB","U+03BB","l","Haíɫzaqvḷa,Kwak̕wala"
"ɫ","ɫ","ɫ","\u026B","\u026B","U+026B","U+026B","l","Haíɫzaqvḷa,Kwak̕wala"
"gv","gv","gv","\u0067\u0076","\u0067\u0076","U+0067 U+0076","U+0067 U+0076","gv","Haíɫzaqvḷa,ʼWuik̓ala"
"kv","kv","kv","\u006B\u0076","\u006B\u0076","U+006B U+0076","U+006B U+0076","kv","Haíɫzaqvḷa,ʼWuik̓ala"
"k̓v","k̓v","k̓v","\u006B\u0313\u0076","\u006B\u0313\u0076","U+006B U+0313 U+0076","U+006B U+0313 U+0076","kv","Haíɫzaqvḷa,ʼWuik̓ala"
"xv","xv","xv","\u0078\u0076","\u0078\u0076","U+0078 U+0076","U+0078 U+0076","xv","Haíɫzaqvḷa,ʼWuik̓ala"
"ǧv","ǧv","ǧv","\u0067\u030C\u0076","\u01E7\u0076","U+0067 U+030C U+0076","U+01E7 U+0076","gv","Haíɫzaqvḷa,ʼWuik̓ala"
"qv","qv","qv","\u0071\u0076","\u0071\u0076","U+0071 U+0076","U+0071 U+0076","qv","Haíɫzaqvḷa,ʼWuik̓ala"
"q̓v","q̓v","q̓v","\u0071\u0313\u0076","\u0071\u0313\u0076","U+0071 U+0313 U+0076","U+0071 U+0313 U+0076","qv","Haíɫzaqvḷa,ʼWuik̓ala"
"x̌v","x̌v","x̌v","\u0078\u030C\u0076","\u0078\u030C\u0076","U+0078 U+030C U+0076","U+0078 U+030C U+0076","xv","Haíɫzaqvḷa,ʼWuik̓ala"
"ǧ","ǧ","ǧ","\u0067\u030C","\u01E7","U+0067 U+030C","U+01E7","g","Haíɫzaqvḷa,Kwak̕wala,ʼWuik̓ala"
"x̌","x̌","x̌","\u0078\u030C","\u0078\u030C","U+0078 U+030C","U+0078 U+030C","x","Haíɫzaqvḷa,Kwak̕wala,Nsyilxcən,Hulʼqʼumiʼnumʼ / Halqʼeméylem / hən̓q̓əmin̓əm̓,ʼWuik̓ala"
"ṃ́","ṃ́","ṃ́","\u006D\u0323\u0301","\u1E43\u0301","U+006D U+0323 U+0301","U+1E43 U+0301","m","Haíɫzaqvḷa"
"ṃ","ṃ","ṃ","\u006D\u0323","\u1E43","U+006D U+0323","U+1E43","m","Haíɫzaqvḷa"
"ṃ̓","ṃ̓","ṃ̓","\u006D\u0323\u0313","\u1E43\u0313","U+006D U+0323 U+0313","U+1E43 U+0313","m","Haíɫzaqvḷa"
"ṇ́","ṇ́","ṇ́","\u006E\u0323\u0301","\u1E47\u0301","U+006E U+0323 U+0301","U+1E47 U+0301","n","Haíɫzaqvḷa"
"ṇ","ṇ","ṇ","\u006E\u0323","\u1E47","U+006E U+0323","U+1E47","n","Haíɫzaqvḷa"
"ṇ̓","ṇ̓","ṇ̓","\u006E\u0323\u0313","\u1E47\u0313","U+006E U+0323 U+0313","U+1E47 U+0313","n","Haíɫzaqvḷa"
"ḷ́","ḷ́","ḷ́","\u006C\u0323\u0301","\u1E37\u0301","U+006C U+0323 U+0301","U+1E37 U+0301","l","Haíɫzaqvḷa"
"ḷ","ḷ","ḷ","\u006C\u0323","\u1E37","U+006C U+0323","U+1E37","l","Haíɫzaqvḷa,Nɬeʔkepmxcín"
"ḷ̓","ḷ̓","ḷ̓","\u006C\u0323\u0313","\u1E37\u0313","U+006C U+0323 U+0313","U+1E37 U+0313","l","Haíɫzaqvḷa"
"i̓","i̓","i̓","\u0069\u0313","\u0069\u0313","U+0069 U+0313","U+0069 U+0313","i","Haíɫzaqvḷa"
"u̓","u̓","u̓","\u0075\u0313","\u0075\u0313","U+0075 U+0313","U+0075 U+0313","u","Haíɫzaqvḷa"
"h̓","h̓","h̓","\u0068\u0313","\u0068\u0313","U+0068 U+0313","U+0068 U+0313","h","Haíɫzaqvḷa"
"a̓","a̓","a̓","\u0061\u0313","\u0061\u0313","U+0061 U+0313","U+0061 U+0313","a","Haíɫzaqvḷa,ʼWuik̓ala"
"ħ","ħ","ħ","\u0127","\u0127","U+0127","U+0127","h","Haíɫzaqvḷa"
"ḡ","ḡ","ḡ","\u0067\u0304","\u1E21","U+0067 U+0304","U+1E21","g","X̄enaksialak̓ala / X̄aʼislak̓ala"
"ḡ°","ḡ°","ḡ°","\u0067\u0304\u00B0","\u1E21\u00B0","U+0067 U+0304 U+00B0","U+1E21 U+00B0","gdeg","X̄enaksialak̓ala / X̄aʼislak̓ala"
"g°","g°","g°","\u0067\u00B0","\u0067\u00B0","U+0067 U+00B0","U+0067 U+00B0","gdeg","X̄enaksialak̓ala / X̄aʼislak̓ala"
"k̓°","k̓°","k̓°","\u006B\u0313\u00B0","\u006B\u0313\u00B0","U+006B U+0313 U+00B0","U+006B U+0313 U+00B0","kdeg","X̄enaksialak̓ala / X̄aʼislak̓ala"
"k°","k°","k°","\u006B\u00B0","\u006B\u00B0","U+006B U+00B0","U+006B U+00B0","kdeg","X̄enaksialak̓ala / X̄aʼislak̓ala"
"q̓°","q̓°","q̓°","\u0071\u0313\u00B0","\u0071\u0313\u00B0","U+0071 U+0313 U+00B0","U+0071 U+0313 U+00B0","qdeg","X̄enaksialak̓ala / X̄aʼislak̓ala"
"q°","q°","q°","\u0071\u00B0","\u0071\u00B0","U+0071 U+00B0","U+0071 U+00B0","qdeg","X̄enaksialak̓ala / X̄aʼislak̓ala"
"x̄","x̄","x̄","\u0078\u0304","\u0078\u0304","U+0078 U+0304","U+0078 U+0304","x","X̄enaksialak̓ala / X̄aʼislak̓ala"
"x̄°","x̄°","x̄°","\u0078\u0304\u00B0","\u0078\u0304\u00B0","U+0078 U+0304 U+00B0","U+0078 U+0304 U+00B0","xdeg","X̄enaksialak̓ala / X̄aʼislak̓ala"
"x°","x°","x°","\u0078\u00B0","\u0078\u00B0","U+0078 U+00B0","U+0078 U+00B0","xdeg","X̄enaksialak̓ala / X̄aʼislak̓ala"
"ˈ","ˈ","ˈ","\u02C8","\u02C8","U+02C8","U+02C8","'","X̄enaksialak̓ala / X̄aʼislak̓ala,Sm'algya̱x"
"’","’","’","\u2019","\u2019","U+2019","U+2019","'","X̄enaksialak̓ala / X̄aʼislak̓ala,X̱aad Kil / X̱aayda Kil,Hulʼqʼumiʼnumʼ / Halqʼeméylem / hən̓q̓əmin̓əm̓,Tseʼkhene,Dakelh,Tāłtān,Nedutʼen / Witsuwitʼen"
"°","°","°","\u00B0","\u00B0","U+00B0","U+00B0","deg","X̄enaksialak̓ala / X̄aʼislak̓ala"
":",":",":","\u003A","\u003A","U+003A","U+003A",":","Hulʼqʼumiʼnumʼ / Halqʼeméylem / hən̓q̓əmin̓əm̓"
"ch'","ch'","ch'","\u0063\u0068\u0027","\u0063\u0068\u0027","U+0063 U+0068 U+0027","U+0063 U+0068 U+0027","ch'","Hulʼqʼumiʼnumʼ / Halqʼeméylem / hən̓q̓əmin̓əm̓,Dene Kʼe,Dakelh,Tseʼkhene"
"q'","q'","q'","\u0071\u0027","\u0071\u0027","U+0071 U+0027","U+0071 U+0027","q'","Hulʼqʼumiʼnumʼ / Halqʼeméylem / hən̓q̓əmin̓əm̓"
"qw","qw","qw","\u0071\u0077","\u0071\u0077","U+0071 U+0077","U+0071 U+0077","qw","Hulʼqʼumiʼnumʼ / Halqʼeméylem / hən̓q̓əmin̓əm̓,St̓át̓imcets,Nuxalk,Secwepemctsín,Tsilhqotʼin"
"qw'","qw'","qw'","\u0071\u0077\u0027","\u0071\u0077\u0027","U+0071 U+0077 U+0027","U+0071 U+0077 U+0027","qw'","Hulʼqʼumiʼnumʼ / Halqʼeméylem / hən̓q̓əmin̓əm̓"
"th","th","th","\u0074\u0068","\u0074\u0068","U+0074 U+0068","U+0074 U+0068","th","Hulʼqʼumiʼnumʼ / Halqʼeméylem / hən̓q̓əmin̓əm̓,Southern Tutchone,ʼWuik̓ala"
"th'","th'","th'","\u0074\u0068\u0027","\u0074\u0068\u0027","U+0074 U+0068 U+0027","U+0074 U+0068 U+0027","th'","Hulʼqʼumiʼnumʼ / Halqʼeméylem / hən̓q̓əmin̓əm̓"
"x̱w","x̱w","x̱w","\u0078\u0331\u0077","\u0078\u0331\u0077","U+0078 U+0331 U+0077","U+0078 U+0331 U+0077","xw","Hulʼqʼumiʼnumʼ / Halqʼeméylem / hən̓q̓əmin̓əm̓,kwakiutl,Kwak̕wala,she shashishalhem,Lingít"
"ʕa","ʕa","ʕa","\u0295\u0061","\u0295\u0061","U+0295 U+0061","U+0295 U+0061","`a","nuučaan̓uł"
"ʕi","ʕi","ʕi","\u0295\u0069","\u0295\u0069","U+0295 U+0069","U+0295 U+0069","`i","nuučaan̓uł"
"ʕu","ʕu","ʕu","\u0295\u0075","\u0295\u0075","U+0295 U+0075","U+0295 U+0075","`u","nuučaan̓uł"
"aaw","aaw","aaw","\u0061\u0061\u0077","\u0061\u0061\u0077","U+0061 U+0061 U+0077","U+0061 U+0061 U+0077","aaw","X̱aad Kil / X̱aayda Kil,Sm'algya̱x"
"aay","aay","aay","\u0061\u0061\u0079","\u0061\u0061\u0079","U+0061 U+0061 U+0079","U+0061 U+0061 U+0079","aay","X̱aad Kil / X̱aayda Kil,Sm'algya̱x"
"ah","ah","ah","\u0061\u0068","\u0061\u0068","U+0061 U+0068","U+0061 U+0068","ah","X̱aad Kil / X̱aayda Kil,Secwepemctsín"
"an","an","an","\u0061\u006E","\u0061\u006E","U+0061 U+006E","U+0061 U+006E","an","X̱aad Kil / X̱aayda Kil"
"ang","ang","ang","\u0061\u006E\u0067","\u0061\u006E\u0067","U+0061 U+006E U+0067","U+0061 U+006E U+0067","ang","X̱aad Kil / X̱aayda Kil"
"aw","aw","aw","\u0061\u0077","\u0061\u0077","U+0061 U+0077","U+0061 U+0077","aw","X̱aad Kil / X̱aayda Kil,Éy7á7juuthem,Sm'algya̱x"
"ay","ay","ay","\u0061\u0079","\u0061\u0079","U+0061 U+0079","U+0061 U+0079","ay","X̱aad Kil / X̱aayda Kil,Éy7á7juuthem,SENĆOŦEN / Malchosen / Lekwungen / Semiahmoo / TʼSou-ke,Sm'algya̱x"
"hll","hll","hll","\u0068\u006C\u006C","\u0068\u006C\u006C","U+0068 U+006C U+006C","U+0068 U+006C U+006C","hll","X̱aad Kil / X̱aayda Kil"
"ll","ll","ll","\u006C\u006C","\u006C\u006C","U+006C U+006C","U+006C U+006C","ll","X̱aad Kil / X̱aayda Kil,Secwepemctsín"
"ng.","ng.","ng.","\u006E\u0067\u002E","\u006E\u0067\u002E","U+006E U+0067 U+002E","U+006E U+0067 U+002E","ng.","X̱aad Kil / X̱aayda Kil"
"tll","tll","tll","\u0074\u006C\u006C","\u0074\u006C\u006C","U+0074 U+006C U+006C","U+0074 U+006C U+006C","tll","X̱aad Kil / X̱aayda Kil"
"ɛ","ɛ","ɛ","\u025B","\u025B","U+025B","U+025B","e","Éy7á7juuthem"
"ə","ə","ə","\u0259","\u0259","U+0259","U+0259","e","Éy7á7juuthem,Nɬeʔkepmxcín,SENĆOŦEN / Malchosen / Lekwungen / Semiahmoo / TʼSou-ke,Kwak̕wala,Nsyilxcən,Hulʼqʼumiʼnumʼ / Halqʼeméylem / hən̓q̓əmin̓əm̓"
"əw","əw","əw","\u0259\u0077","\u0259\u0077","U+0259 U+0077","U+0259 U+0077","ew","Éy7á7juuthem"
"əy","əy","əy","\u0259\u0079","\u0259\u0079","U+0259 U+0079","U+0259 U+0079","ey","Éy7á7juuthem"
"ɩ","ɩ","ɩ","\u0269","\u0269","U+0269","U+0269","i","Éy7á7juuthem"
"ǰ","ǰ","ǰ","\u006A\u030C","\u01F0","U+006A U+030C","U+01F0","j","Éy7á7juuthem"
"ɬ","ɬ","ɬ","\u026C","\u026C","U+026C","U+026C","l","Éy7á7juuthem,SENĆOŦEN / Malchosen / Lekwungen / Semiahmoo / TʼSou-ke,Nɬeʔkepmxcín,Nsyilxcən,Hulʼqʼumiʼnumʼ / Halqʼeméylem / hən̓q̓əmin̓əm̓"
"θ","θ","θ","\u03B8","\u03B8","U+03B8","U+03B8","th","Éy7á7juuthem,Hulʼqʼumiʼnumʼ / Halqʼeméylem / hən̓q̓əmin̓əm̓"
"tᶿ","tᶿ","tᶿ","\u0074\u1DBF","\u0074\u1DBF","U+0074 U+1DBF","U+0074 U+1DBF","tth","Éy7á7juuthem"
"t̓ᶿ","t̓ᶿ","t̓ᶿ","\u0074\u0313\u1DBF","\u0074\u0313\u1DBF","U+0074 U+0313 U+1DBF","U+0074 U+0313 U+1DBF","tth","Éy7á7juuthem,Hulʼqʼumiʼnumʼ / Halqʼeméylem / hən̓q̓əmin̓əm̓"
"ʊ","ʊ","ʊ","\u028A","\u028A","U+028A","U+028A","u","Éy7á7juuthem"
"χ","χ","χ","\u03C7","\u03C7","U+03C7","U+03C7","ch","Éy7á7juuthem"
"χʷ","χʷ","χʷ","\u03C7\u02B7","\u03C7\u02B7","U+03C7 U+02B7","U+03C7 U+02B7","chw","Éy7á7juuthem"
"hw","hw","hw","\u0068\u0077","\u0068\u0077","U+0068 U+0077","U+0068 U+0077","hw","Hulʼqʼumiʼnumʼ / Halqʼeméylem / hən̓q̓əmin̓əm̓"
"ou","ou","ou","\u006F\u0075","\u006F\u0075","U+006F U+0075","U+006F U+0075","ou","Hulʼqʼumiʼnumʼ / Halqʼeméylem / hən̓q̓əmin̓əm̓"
"tth","tth","tth","\u0074\u0074\u0068","\u0074\u0074\u0068","U+0074 U+0074 U+0068","U+0074 U+0074 U+0068","tth","Hulʼqʼumiʼnumʼ / Halqʼeméylem / hən̓q̓əmin̓əm̓,Southern Tutchone"
"tth'","tth'","tth'","\u0074\u0074\u0068\u0027","\u0074\u0074\u0068\u0027","U+0074 U+0074 U+0068 U+0027","U+0074 U+0074 U+0068 U+0027","tth'","Hulʼqʼumiʼnumʼ / Halqʼeméylem / hən̓q̓əmin̓əm̓"
"p’","p’","p’","\u0070\u2019","\u0070\u2019","U+0070 U+2019","U+0070 U+2019","p'","Hulʼqʼumiʼnumʼ / Halqʼeméylem / hən̓q̓əmin̓əm̓,Nuxalk"
"q’","q’","q’","\u0071\u2019","\u0071\u2019","U+0071 U+2019","U+0071 U+2019","q'","Hulʼqʼumiʼnumʼ / Halqʼeméylem / hən̓q̓əmin̓əm̓,Nuxalk,Tsilhqotʼin"
"qw’","qw’","qw’","\u0071\u0077\u2019","\u0071\u0077\u2019","U+0071 U+0077 U+2019","U+0071 U+0077 U+2019","qw'","Hulʼqʼumiʼnumʼ / Halqʼeméylem / hən̓q̓əmin̓əm̓,Nuxalk,Tsilhqotʼin"
"tth’","tth’","tth’","\u0074\u0074\u0068\u2019","\u0074\u0074\u0068\u2019","U+0074 U+0074 U+0068 U+2019","U+0074 U+0074 U+0068 U+2019","tth'","Hulʼqʼumiʼnumʼ / Halqʼeméylem / hən̓q̓əmin̓əm̓"
"ɂ","ɂ","ɂ","\u0242","\u0242","U+0242","U+0242","'","Dene Kʼe"
"ǝ","ǝ","ǝ","\u01DD","\u01DD","U+01DD","U+01DD","e","Dene Kʼe"
"ǝ́","ǝ́","ǝ́","\u01DD\u0301","\u01DD\u0301","U+01DD U+0301","U+01DD U+0301","e","Dene Kʼe"
"ı","ı","ı","\u0131","\u0131","U+0131","U+0131","i","Dene Kʼe"
"ı́","ı́","ı́","\u0131\u0301","\u0131\u0301","U+0131 U+0301","U+0131 U+0301","i","Dene Kʼe"
"ı̨","ı̨","ı̨","\u0131\u0328","\u0131\u0328","U+0131 U+0328","U+0131 U+0328","i","Dene Kʼe"
"ı̨́","ı̨́","ı̨́","\u0131\u0328\u0301","\u0131\u0328\u0301","U+0131 U+0328 U+0301","U+0131 U+0328 U+0301","i","Dene Kʼe"
"tł'","tł'","tł'","\u0074\u0142\u0027","\u0074\u0142\u0027","U+0074 U+0142 U+0027","U+0074 U+0142 U+0027","tl'","Dene Kʼe"
"w'","w'","w'","\u0077\u0027","\u0077\u0027","U+0077 U+0027","U+0077 U+0027","w'","Dene Kʼe"
"zh","zh","zh","\u007A\u0068","\u007A\u0068","U+007A U+0068","U+007A U+0068","zh","Dene Kʼe,Tseʼkhene,Southern Tutchone,Dane-Ẕaa"
"c̣","c̣","c̣","\u0063\u0323","\u0063\u0323","U+0063 U+0323","U+0063 U+0323","c","Nɬeʔkepmxcín"
"ə́","ə́","ə́","\u0259\u0301","\u0259\u0301","U+0259 U+0301","U+0259 U+0301","e","Nɬeʔkepmxcín,Nsyilxcən"
"ə̣","ə̣","ə̣","\u0259\u0323","\u0259\u0323","U+0259 U+0323","U+0259 U+0323","e","Nɬeʔkepmxcín"
"ɣ","ɣ","ɣ","\u0263","\u0263","U+0263","U+0263","g","Nɬeʔkepmxcín,Nsyilxcən"
"ɣ̓","ɣ̓","ɣ̓","\u0263\u0313","\u0263\u0313","U+0263 U+0313","U+0263 U+0313","g","Nɬeʔkepmxcín,Nsyilxcən"
"ị","ị","ị","\u0069\u0323","\u1ECB","U+0069 U+0323","U+1ECB","i","Nɬeʔkepmxcín"
"ṣ","ṣ","ṣ","\u0073\u0323","\u1E63","U+0073 U+0323","U+1E63","s","Nɬeʔkepmxcín"
"Ɵ","Ɵ","Ɵ","\u019F","\u019F","U+019F","U+019F","O","Nɬeʔkepmxcín"
"z̓","z̓","z̓","\u007A\u0313","\u007A\u0313","U+007A U+0313","U+007A U+0313","z","Nɬeʔkepmxcín,St̓át̓imcets"
"ʕ̓","ʕ̓","ʕ̓","\u0295\u0313","\u0295\u0313","U+0295 U+0313","U+0295 U+0313","`","Nɬeʔkepmxcín,Nsyilxcən"
"ʕʷ","ʕʷ","ʕʷ","\u0295\u02B7","\u0295\u02B7","U+0295 U+02B7","U+0295 U+02B7","`w","Nɬeʔkepmxcín,Nsyilxcən"
"ʕ̓ʷ","ʕ̓ʷ","ʕ̓ʷ","\u0295\u0313\u02B7","\u0295\u0313\u02B7","U+0295 U+0313 U+02B7","U+0295 U+0313 U+02B7","`w","Nɬeʔkepmxcín,Nsyilxcən"
"æ","æ","æ","\u00E6","\u00E6","U+00E6","U+00E6","ae","Éy7á7juuthem"
"ɔ","ɔ","ɔ","\u0254","\u0254","U+0254","U+0254","o","Éy7á7juuthem"
"gʸ","gʸ","gʸ","\u0067\u02B8","\u0067\u02B8","U+0067 U+02B8","U+0067 U+02B8","gy","Éy7á7juuthem"
"kʸ","kʸ","kʸ","\u006B\u02B8","\u006B\u02B8","U+006B U+02B8","U+006B U+02B8","ky","Éy7á7juuthem"
"k̓ʸ","k̓ʸ","k̓ʸ","\u006B\u0313\u02B8","\u006B\u0313\u02B8","U+006B U+0313 U+02B8","U+006B U+0313 U+02B8","ky","Éy7á7juuthem"
"ɔy","ɔy","ɔy","\u0254\u0079","\u0254\u0079","U+0254 U+0079","U+0254 U+0079","oy","Éy7á7juuthem"
"a·","a·","a·","\u0061\u00B7","\u0061\u00B7","U+0061 U+00B7","U+0061 U+00B7","a-","Ktunaxa"
"¢","¢","¢","\u00A2","\u00A2","U+00A2","U+00A2","c","Ktunaxa"
"¢̕","¢̕","¢̕","\u00A2\u0315","\u00A2\u0315","U+00A2 U+0315","U+00A2 U+0315","c","Ktunaxa"
"i·","i·","i·","\u0069\u00B7","\u0069\u00B7","U+0069 U+00B7","U+0069 U+00B7","i-","Ktunaxa"
"ǂ","ǂ","ǂ","\u01C2","\u01C2","U+01C2","U+01C2","qc","Ktunaxa"
"t̕","t̕","t̕","\u0074\u0315","\u0074\u0315","U+0074 U+0315","U+0074 U+0315","t","Ktunaxa,she shashishalhem"
"u·","u·","u·","\u0075\u00B7","\u0075\u00B7","U+0075 U+00B7","U+0075 U+00B7","u-","Ktunaxa"
"·","·","·","\u00B7","\u00B7","U+00B7","U+00B7","-","Ktunaxa"
"à","à","à","\u0061\u0300","\u00E0","U+0061 U+0300","U+00E0","a","Tseʼkhene,Southern Tutchone,ʼWuik̓ala"
"ą̀","ą̀","ą̀","\u0061\u0328\u0300","\u0105\u0300","U+0061 U+0328 U+0300","U+0105 U+0300","a","Tseʼkhene,Southern Tutchone"
"è","è","è","\u0065\u0300","\u00E8","U+0065 U+0300","U+00E8","e","Tseʼkhene,Southern Tutchone"
"ę̀","ę̀","ę̀","\u0065\u0328\u0300","\u0119\u0300","U+0065 U+0328 U+0300","U+0119 U+0300","e","Tseʼkhene"
"ì","ì","ì","\u0069\u0300","\u00EC","U+0069 U+0300","U+00EC","i","Tseʼkhene,ʼWuik̓ala"
"į̀","į̀","į̀","\u0069\u0328\u0300","\u012F\u0300","U+0069 U+0328 U+0300","U+012F U+0300","i","Tseʼkhene"
"įį","įį","įį","\u0069\u0328\u0069\u0328","\u012F\u012F","U+0069 U+0328 U+0069 U+0328","U+012F U+012F","ii","Tseʼkhene"
"ìì","ìì","ìì","\u0069\u0300\u0069\u0300","\u00EC\u00EC","U+0069 U+0300 U+0069 U+0300","U+00EC U+00EC","ii","Tseʼkhene"
"į̀į̀","į̀į̀","į̀į̀","\u0069\u0328\u0300\u0069\u0328\u0300","\u012F\u0300\u012F\u0300","U+0069 U+0328 U+0300 U+0069 U+0328 U+0300","U+012F U+0300 U+012F U+0300","ii","Tseʼkhene"
"ò","ò","ò","\u006F\u0300","\u00F2","U+006F U+0300","U+00F2","o","Tseʼkhene"
"ǫ̀","ǫ̀","ǫ̀","\u006F\u0328\u0300","\u01EB\u0300","U+006F U+0328 U+0300","U+01EB U+0300","o","Tseʼkhene"
"ǫǫ","ǫǫ","ǫǫ","\u006F\u0328\u006F\u0328","\u01EB\u01EB","U+006F U+0328 U+006F U+0328","U+01EB U+01EB","oo","Tseʼkhene"
"òò","òò","òò","\u006F\u0300\u006F\u0300","\u00F2\u00F2","U+006F U+0300 U+006F U+0300","U+00F2 U+00F2","oo","Tseʼkhene"
"ǫ̀ǫ̀","ǫ̀ǫ̀","ǫ̀ǫ̀","\u006F\u0328\u0300\u006F\u0328\u0300","\u01EB\u0300\u01EB\u0300","U+006F U+0328 U+0300 U+006F U+0328 U+0300","U+01EB U+0300 U+01EB U+0300","oo","Tseʼkhene"
"ù","ù","ù","\u0075\u0300","\u00F9","U+0075 U+0300","U+00F9","u","Tseʼkhene,ʼWuik̓ala"
"ų̀","ų̀","ų̀","\u0075\u0328\u0300","\u0173\u0300","U+0075 U+0328 U+0300","U+0173 U+0300","u","Tseʼkhene"
"yh","yh","yh","\u0079\u0068","\u0079\u0068","U+0079 U+0068","U+0079 U+0068","yh","Tseʼkhene,Nedutʼen / Witsuwitʼen,Tāłtān"
"a̱","a̱","a̱","\u0061\u0331","\u0061\u0331","U+0061 U+0331","U+0061 U+0331","a","kwakiutl,Kwak̕wala,Sgüüx̱s,Sm'algya̱x,Tseʼkhene"
"dł","dł","dł","\u0064\u0142","\u0064\u0142","U+0064 U+0142","U+0064 U+0142","dl","kwakiutl,Kwak̕wala"
"g̱w","g̱w","g̱w","\u0067\u0331\u0077","\u0067\u0331\u0077","U+0067 U+0331 U+0077","U+0067 U+0331 U+0077","gw","kwakiutl,Kwak̕wala,Lingít"
"k̕w","k̕w","k̕w","\u006B\u0315\u0077","\u006B\u0315\u0077","U+006B U+0315 U+0077","U+006B U+0315 U+0077","kw","kwakiutl,Kwak̕wala"
"ḵw","ḵw","ḵw","\u006B\u0331\u0077","\u1E35\u0077","U+006B U+0331 U+0077","U+1E35 U+0077","kw","kwakiutl,Kwak̕wala,she shashishalhem,Lingít"
"ḵ̓","ḵ̓","ḵ̓","\u006B\u0331\u0313","\u1E35\u0313","U+006B U+0331 U+0313","U+1E35 U+0313","k","kwakiutl,Kwak̕wala"
"ḵ̕w","ḵ̕w","ḵ̕w","\u006B\u0331\u0315\u0077","\u1E35\u0315\u0077","U+006B U+0331 U+0315 U+0077","U+1E35 U+0315 U+0077","kw","kwakiutl,Kwak̕wala"
"t̕s","t̕s","t̕s","\u0074\u0315\u0073","\u0074\u0315\u0073","U+0074 U+0315 U+0073","U+0074 U+0315 U+0073","ts","kwakiutl,Kwak̕wala"
"tł","tł","tł","\u0074\u0142","\u0074\u0142","U+0074 U+0142","U+0074 U+0142","tl","kwakiutl,Kwak̕wala"
"t̕ł","t̕ł","t̕ł","\u0074\u0315\u0142","\u0074\u0315\u0142","U+0074 U+0315 U+0142","U+0074 U+0315 U+0142","tl","kwakiutl,Kwak̕wala"
"ey","ey","ey","\u0065\u0079","\u0065\u0079","U+0065 U+0079","U+0065 U+0079","ey","SENĆOŦEN / Malchosen / Lekwungen / Semiahmoo / TʼSou-ke"
"əw̓","əw̓","əw̓","\u0259\u0077\u0313","\u0259\u0077\u0313","U+0259 U+0077 U+0313","U+0259 U+0077 U+0313","ew","SENĆOŦEN / Malchosen / Lekwungen / Semiahmoo / TʼSou-ke"
"ŋ","ŋ","ŋ","\u014B","\u014B","U+014B","U+014B","ng","SENĆOŦEN / Malchosen / Lekwungen / Semiahmoo / TʼSou-ke"
"ao","ao","ao","\u0061\u006F","\u0061\u006F","U+0061 U+006F","U+0061 U+006F","ao","St̓át̓imcets"
"aó","aó","aó","\u0061\u006F\u0301","\u0061\u00F3","U+0061 U+006F U+0301","U+0061 U+00F3","ao","St̓át̓imcets"
"v","v","v","\u0076","\u0076","U+0076","U+0076","v","St̓át̓imcets"
"v́","v́","v́","\u0076\u0301","\u0076\u0301","U+0076 U+0301","U+0076 U+0301","v","St̓át̓imcets"
"cw","cw","cw","\u0063\u0077","\u0063\u0077","U+0063 U+0077","U+0063 U+0077","cw","St̓át̓imcets,Nuxalk,Secwepemctsín"
"7","7","7","\u0037","\u0037","U+0037","U+0037","7","St̓át̓imcets,Nuxalk,Secwepemctsín"
"ts̓","ts̓","ts̓","\u0074\u0073\u0313","\u0074\u0073\u0313","U+0074 U+0073 U+0313","U+0074 U+0073 U+0313","ts","St̓át̓imcets,Secwepemctsín"
"k̓w","k̓w","k̓w","\u006B\u0313\u0077","\u006B\u0313\u0077","U+006B U+0313 U+0077","U+006B U+0313 U+0077","kw","St̓át̓imcets,Secwepemctsín,Hulʼqʼumiʼnumʼ / Halqʼeméylem / hən̓q̓əmin̓əm̓"
"q̓w","q̓w","q̓w","\u0071\u0313\u0077","\u0071\u0313\u0077","U+0071 U+0313 U+0077","U+0071 U+0313 U+0077","qw","St̓át̓imcets,Secwepemctsín,Hulʼqʼumiʼnumʼ / Halqʼeméylem / hən̓q̓əmin̓əm̓"
"r̓","r̓","r̓","\u0072\u0313","\u0072\u0313","U+0072 U+0313","U+0072 U+0313","r","St̓át̓imcets,Nsyilxcən,Secwepemctsín"
"g̓","g̓","g̓","\u0067\u0313","\u0067\u0313","U+0067 U+0313","U+0067 U+0313","g","St̓át̓imcets"
"g̓w","g̓w","g̓w","\u0067\u0313\u0077","\u0067\u0313\u0077","U+0067 U+0313 U+0077","U+0067 U+0313 U+0077","gw","St̓át̓imcets,Secwepemctsín"
"l̲","l̲","l̲","\u006C\u0332","\u006C\u0332","U+006C U+0332","U+006C U+0332","l","St̓át̓imcets"
"dᶻ","dᶻ","dᶻ","\u0064\u1DBB","\u0064\u1DBB","U+0064 U+1DBB","U+0064 U+1DBB","dz","Kwak̕wala"
"gʷ","gʷ","gʷ","\u0067\u02B7","\u0067\u02B7","U+0067 U+02B7","U+0067 U+02B7","gw","Kwak̕wala"
"ǧʷ","ǧʷ","ǧʷ","\u0067\u030C\u02B7","\u01E7\u02B7","U+0067 U+030C U+02B7","U+01E7 U+02B7","gw","Kwak̕wala"
"x̌ʷ","x̌ʷ","x̌ʷ","\u0078\u030C\u02B7","\u0078\u030C\u02B7","U+0078 U+030C U+02B7","U+0078 U+030C U+02B7","xw","Kwak̕wala,Nsyilxcən,Hulʼqʼumiʼnumʼ / Halqʼeméylem / hən̓q̓əmin̓əm̓"
"ᐊ","ᐊ","ᐊ","\u140A","\u140A","U+140A","U+140A","a","nēhiyawēwin,Anishinaabemowin"
"ᐁ","ᐁ","ᐁ","\u1401","\u1401","U+1401","U+1401","e","nēhiyawēwin,Anishinaabemowin"
"ᐃ","ᐃ","ᐃ","\u1403","\u1403","U+1403","U+1403","i","nēhiyawēwin,Anishinaabemowin"
"ᐅ","ᐅ","ᐅ","\u1405","\u1405","U+1405","U+1405","o","nēhiyawēwin,Anishinaabemowin"
"ᐧ","ᐧ","ᐧ","\u1427","\u1427","U+1427","U+1427","w","nēhiyawēwin"
"ᐤ","ᐤ","ᐤ","\u1424","\u1424","U+1424","U+1424","w","nēhiyawēwin,Anishinaabemowin"
"ᐸ","ᐸ","ᐸ","\u1438","\u1438","U+1438","U+1438","pa","nēhiyawēwin,Anishinaabemowin"
"ᐯ","ᐯ","ᐯ","\u142F","\u142F","U+142F","U+142F","pe","nēhiyawēwin,Anishinaabemowin"
"ᐱ","ᐱ","ᐱ","\u1431","\u1431","U+1431","U+1431","pi","nēhiyawēwin,Anishinaabemowin"
"ᐳ","ᐳ","ᐳ","\u1433","\u1433","U+1433","U+1433","po","nēhiyawēwin,Anishinaabemowin"
"ᑊ","ᑊ","ᑊ","\u144A","\u144A","U+144A","U+144A","p","nēhiyawēwin"
"ᐦ","ᐦ","ᐦ","\u1426","\u1426","U+1426","U+1426","h","nēhiyawēwin,Anishinaabemowin"
"ᑕ","ᑕ","ᑕ","\u1455","\u1455","U+1455","U+1455","ta","nēhiyawēwin,Anishinaabemowin"
"ᑌ","ᑌ","ᑌ","\u144C","\u144C","U+144C","U+144C","te","nēhiyawēwin,Anishinaabemowin"
"ᑎ","ᑎ","ᑎ","\u144E","\u144E","U+144E","U+144E","ti","nēhiyawēwin,Anishinaabemowin"
"ᑐ","ᑐ","ᑐ","\u1450","\u1450","U+1450","U+1450","to","nēhiyawēwin,Anishinaabemowin"
"ᐟ","ᐟ","ᐟ","\u141F","\u141F","U+141F","U+141F","t","nēhiyawēwin"
"ᑲ","ᑲ","ᑲ","\u1472","\u1472","U+1472","U+1472","ka","nēhiyawēwin,Anishinaabemowin"
"ᑫ","ᑫ","ᑫ","\u146B","\u146B","U+146B","U+146B","ke","nēhiyawēwin,Anishinaabemowin"
"ᑭ","ᑭ","ᑭ","\u146D","\u146D","U+146D","U+146D","ki","nēhiyawēwin,Anishinaabemowin"
"ᑯ","ᑯ","ᑯ","\u146F","\u146F","U+146F","U+146F","ko","nēhiyawēwin,Anishinaabemowin"
"ᐠ","ᐠ","ᐠ","\u1420","\u1420","U+1420","U+1420","k","nēhiyawēwin"
"ᒐ","ᒐ","ᒐ","\u1490","\u1490","U+1490","U+1490","ca","nēhiyawēwin,Anishinaabemowin"
"ᒉ","ᒉ","ᒉ","\u1489","\u1489","U+1489","U+1489","ce","nēhiyawēwin,Anishinaabemowin"
"ᒋ","ᒋ","ᒋ","\u148B","\u148B","U+148B","U+148B","ci","nēhiyawēwin,Anishinaabemowin"
"ᒍ","ᒍ","ᒍ","\u148D","\u148D","U+148D","U+148D","co","nēhiyawēwin,Anishinaabemowin"
"ᐨ","ᐨ","ᐨ","\u1428","\u1428","U+1428","U+1428","c","nēhiyawēwin"
"ᒪ","ᒪ","ᒪ","\u14AA","\u14AA","U+14AA","U+14AA","ma","nēhiyawēwin,Anishinaabemowin"
"ᒣ","ᒣ","ᒣ","\u14A3","\u14A3","U+14A3","U+14A3","me","nēhiyawēwin,Anishinaabemowin"
"ᒥ","ᒥ","ᒥ","\u14A5","\u14A5","U+14A5","U+14A5","mi","nēhiyawēwin,Anishinaabemowin"
"ᒧ","ᒧ","ᒧ","\u14A7","\u14A7","U+14A7","U+14A7","mo","nēhiyawēwin,Anishinaabemowin"
"ᒼ","ᒼ","ᒼ","\u14BC","\u14BC","U+14BC","U+14BC","m","nēhiyawēwin"
"ᓇ","ᓇ","ᓇ","\u14C7","\u14C7","U+14C7","U+14C7","na","nēhiyawēwin,Anishinaabemowin"
"ᓀ","ᓀ","ᓀ","\u14C0","\u14C0","U+14C0","U+14C0","ne","nēhiyawēwin,Anishinaabemowin"
"ᓂ","ᓂ","ᓂ","\u14C2","\u14C2","U+14C2","U+14C2","ni","nēhiyawēwin,Anishinaabemowin"
"ᓄ","ᓄ","ᓄ","\u14C4","\u14C4","U+14C4","U+14C4","no","nēhiyawēwin,Anishinaabemowin"
"ᐣ","ᐣ","ᐣ","\u1423","\u1423","U+1423","U+1423","n","nēhiyawēwin"
"ᓴ","ᓴ","ᓴ","\u14F4","\u14F4","U+14F4","U+14F4","sa","nēhiyawēwin,Anishinaabemowin"
"ᓭ","ᓭ","ᓭ","\u14ED","\u14ED","U+14ED","U+14ED","se","nēhiyawēwin,Anishinaabemowin"
"ᓯ","ᓯ","ᓯ","\u14EF","\u14EF","U+14EF","U+14EF","si","nēhiyawēwin,Anishinaabemowin"
"ᓱ","ᓱ","ᓱ","\u14F1","\u14F1","U+14F1","U+14F1","so","nēhiyawēwin,Anishinaabemowin"
"ᐢ","ᐢ","ᐢ","\u1422","\u1422","U+1422","U+1422","s","nēhiyawēwin"
"ᔭ","ᔭ","ᔭ","\u152D","\u152D","U+152D","U+152D","ya","nēhiyawēwin,Anishinaabemowin"
"ᔦ","ᔦ","ᔦ","\u1526","\u1526","U+1526","U+1526","ye","nēhiyawēwin,Anishinaabemowin"
"ᔨ","ᔨ","ᔨ","\u1528","\u1528","U+1528","U+1528","yi","nēhiyawēwin,Anishinaabemowin"
"ᔪ","ᔪ","ᔪ","\u152A","\u152A","U+152A","U+152A","yo","nēhiyawēwin,Anishinaabemowin"
"ᐩ","ᐩ","ᐩ","\u1429","\u1429","U+1429","U+1429","n","nēhiyawēwin"
"ng","ng","ng","\u006E\u0067","\u006E\u0067","U+006E U+0067","U+006E U+0067","ng","Dakelh,X̱aad Kil / X̱aayda Kil"
"u̲","u̲","u̲","\u0075\u0332","\u0075\u0332","U+0075 U+0332","U+0075 U+0332","u","Dakelh"
"z̲","z̲","z̲","\u007A\u0332","\u007A\u0332","U+007A U+0332","U+007A U+0332","z","Dakelh,Dane-Ẕaa"
"'a","'a","'a","\u0027\u0061","\u0027\u0061","U+0027 U+0061","U+0027 U+0061","'a","Dakelh"
"'e","'e","'e","\u0027\u0065","\u0027\u0065","U+0027 U+0065","U+0027 U+0065","'e","Dakelh"
"'i","'i","'i","\u0027\u0069","\u0027\u0069","U+0027 U+0069","U+0027 U+0069","'i","Dakelh"
"'o","'o","'o","\u0027\u006F","\u0027\u006F","U+0027 U+006F","U+0027 U+006F","'o","Dakelh"
"t̲s̲'","t̲s̲'","t̲s̲'","\u0074\u0332\u0073\u0332\u0027","\u0074\u0332\u0073\u0332\u0027","U+0074 U+0332 U+0073 U+0332 U+0027","U+0074 U+0332 U+0073 U+0332 U+0027","ts'","Dakelh"
"'u","'u","'u","\u0027\u0075","\u0027\u0075","U+0027 U+0075","U+0027 U+0075","'u","Dakelh"
"ẕ","ẕ","ẕ","\u007A\u0331","\u1E95","U+007A U+0331","U+1E95","z","Dakelh,Tāłtān,Tseʼkhene"
"c'","c'","c'","\u0063\u0027","\u0063\u0027","U+0063 U+0027","U+0063 U+0027","c'","Nedutʼen / Witsuwitʼen"
".",".",".","\u002E","\u002E","U+002E","U+002E",".","Nɬeʔkepmxcín,Lingít,X̱aad Kil / X̱aayda Kil"
"A","A","A","\u0041","\u0041","U+0041","U+0041","A","Nɬeʔkepmxcín,SENĆOŦEN / Malchosen / Lekwungen / Semiahmoo / TʼSou-ke"
"TS","TS","TS","\u0054\u0053","\u0054\u0053","U+0054 U+0053","U+0054 U+0053","TS","Nɬeʔkepmxcín"
"E","E","E","\u0045","\u0045","U+0045","U+0045","E","Nɬeʔkepmxcín,SENĆOŦEN / Malchosen / Lekwungen / Semiahmoo / TʼSou-ke"
"g̲","g̲","g̲","\u0067\u0332","\u0067\u0332","U+0067 U+0332","U+0067 U+0332","g","Nɬeʔkepmxcín"
"EE","EE","EE","\u0045\u0045","\u0045\u0045","U+0045 U+0045","U+0045 U+0045","EE","Nɬeʔkepmxcín"
"I","I","I","\u0049","\u0049","U+0049","U+0049","I","Nɬeʔkepmxcín,SENĆOŦEN / Malchosen / Lekwungen / Semiahmoo / TʼSou-ke"
"K","K","K","\u004B","\u004B","U+004B","U+004B","K","Nɬeʔkepmxcín,SENĆOŦEN / Malchosen / Lekwungen / Semiahmoo / TʼSou-ke"
"Kw","Kw","Kw","\u004B\u0077","\u004B\u0077","U+004B U+0077","U+004B U+0077","Kw","Nɬeʔkepmxcín"
"TL","TL","TL","\u0054\u004C","\u0054\u004C","U+0054 U+004C","U+0054 U+004C","TL","Nɬeʔkepmxcín"
"k̲","k̲","k̲","\u006B\u0332","\u006B\u0332","U+006B U+0332","U+006B U+0332","k","Nɬeʔkepmxcín"
"K̲","K̲","K̲","\u004B\u0332","\u004B\u0332","U+004B U+0332","U+004B U+0332","K","Nɬeʔkepmxcín"
"K̲w","K̲w","K̲w","\u004B\u0332\u0077","\u004B\u0332\u0077","U+004B U+0332 U+0077","U+004B U+0332 U+0077","Kw","Nɬeʔkepmxcín"
"OO","OO","OO","\u004F\u004F","\u004F\u004F","U+004F U+004F","U+004F U+004F","OO","Nɬeʔkepmxcín"
"hh","hh","hh","\u0068\u0068","\u0068\u0068","U+0068 U+0068","U+0068 U+0068","hh","Nɬeʔkepmxcín"
"wuh","wuh","wuh","\u0077\u0075\u0068","\u0077\u0075\u0068","U+0077 U+0075 U+0068","U+0077 U+0075 U+0068","wuh","Nɬeʔkepmxcín"
"h̲h̲","h̲h̲","h̲h̲","\u0068\u0332\u0068\u0332","\u0068\u0332\u0068\u0332","U+0068 U+0332 U+0068 U+0332","U+0068 U+0332 U+0068 U+0332","hh","Nɬeʔkepmxcín"
"w̲u̲h̲","w̲u̲h̲","w̲u̲h̲","\u0077\u0332\u0075\u0332\u0068\u0332","\u0077\u0332\u0075\u0332\u0068\u0332","U+0077 U+0332 U+0075 U+0332 U+0068 U+0332","U+0077 U+0332 U+0075 U+0332 U+0068 U+0332","wuh","Nɬeʔkepmxcín"
"íi","íi","íi","\u0069\u0301\u0069","\u00ED\u0069","U+0069 U+0301 U+0069","U+00ED U+0069","ii","St̓át̓imcets,X̱aad Kil / X̱aayda Kil"
"áo","áo","áo","\u0061\u0301\u006F","\u00E1\u006F","U+0061 U+0301 U+006F","U+00E1 U+006F","ao","St̓át̓imcets"
"ᐄ","ᐄ","ᐄ","\u1404","\u1404","U+1404","U+1404","ii","Anishinaabemowin"
"ᐆ","ᐆ","ᐆ","\u1406","\u1406","U+1406","U+1406","oo","Anishinaabemowin"
"ᐋ","ᐋ","ᐋ","\u140B","\u140B","U+140B","U+140B","aa","Anishinaabemowin,nēhiyawēwin"
"ᐲ","ᐲ","ᐲ","\u1432","\u1432","U+1432","U+1432","pii","Anishinaabemowin"
"ᐴ","ᐴ","ᐴ","\u1434","\u1434","U+1434","U+1434","poo","Anishinaabemowin"
"ᐹ","ᐹ","ᐹ","\u1439","\u1439","U+1439","U+1439","paa","Anishinaabemowin,nēhiyawēwin"
"ᑉ","ᑉ","ᑉ","\u1449","\u1449","U+1449","U+1449","p","Anishinaabemowin"
"ᑏ","ᑏ","ᑏ","\u144F","\u144F","U+144F","U+144F","tii","Anishinaabemowin"
"ᑑ","ᑑ","ᑑ","\u1451","\u1451","U+1451","U+1451","too","Anishinaabemowin"
"ᑖ","ᑖ","ᑖ","\u1456","\u1456","U+1456","U+1456","taa","Anishinaabemowin,nēhiyawēwin"
"ᑦ","ᑦ","ᑦ","\u1466","\u1466","U+1466","U+1466","t","Anishinaabemowin"
"ᑮ","ᑮ","ᑮ","\u146E","\u146E","U+146E","U+146E","kii","Anishinaabemowin"
"ᑰ","ᑰ","ᑰ","\u1470","\u1470","U+1470","U+1470","koo","Anishinaabemowin"
"ᑳ","ᑳ","ᑳ","\u1473","\u1473","U+1473","U+1473","kaa","Anishinaabemowin,nēhiyawēwin"
"ᒃ","ᒃ","ᒃ","\u1483","\u1483","U+1483","U+1483","k","Anishinaabemowin"
"ᒌ","ᒌ","ᒌ","\u148C","\u148C","U+148C","U+148C","cii","Anishinaabemowin"
"ᒎ","ᒎ","ᒎ","\u148E","\u148E","U+148E","U+148E","coo","Anishinaabemowin"
"ᒑ","ᒑ","ᒑ","\u1491","\u1491","U+1491","U+1491","caa","Anishinaabemowin,nēhiyawēwin"
"ᒡ","ᒡ","ᒡ","\u14A1","\u14A1","U+14A1","U+14A1","c","Anishinaabemowin"
"ᒦ","ᒦ","ᒦ","\u14A6","\u14A6","U+14A6","U+14A6","mii","Anishinaabemowin"
"ᒨ","ᒨ","ᒨ","\u14A8","\u14A8","U+14A8","U+14A8","moo","Anishinaabemowin"
"ᒫ","ᒫ","ᒫ","\u14AB","\u14AB","U+14AB","U+14AB","maa","Anishinaabemowin,nēhiyawēwin"
"ᒻ","ᒻ","ᒻ","\u14BB","\u14BB","U+14BB","U+14BB","m","Anishinaabemowin"
"ᓃ","ᓃ","ᓃ","\u14C3","\u14C3","U+14C3","U+14C3","nii","Anishinaabemowin"
"ᓅ","ᓅ","ᓅ","\u14C5","\u14C5","U+14C5","U+14C5","noo","Anishinaabemowin"
"ᓈ","ᓈ","ᓈ","\u14C8","\u14C8","U+14C8","U+14C8","naa","Anishinaabemowin,nēhiyawēwin"
"ᓐ","ᓐ","ᓐ","\u14D0","\u14D0","U+14D0","U+14D0","n","Anishinaabemowin"
"ᓰ","ᓰ","ᓰ","\u14F0","\u14F0","U+14F0","U+14F0","sii","Anishinaabemowin"
"ᓲ","ᓲ","ᓲ","\u14F2","\u14F2","U+14F2","U+14F2","soo","Anishinaabemowin"
"ᓵ","ᓵ","ᓵ","\u14F5","\u14F5","U+14F5","U+14F5","saa","Anishinaabemowin,nēhiyawēwin"
"ᔅ","ᔅ","ᔅ","\u1505","\u1505","U+1505","U+1505","s","Anishinaabemowin"
"ᔐ","ᔐ","ᔐ","\u1510","\u1510","U+1510","U+1510","she","Anishinaabemowin"
"ᔑ","ᔑ","ᔑ","\u1511","\u1511","U+1511","U+1511","shi","Anishinaabemowin"
"ᔓ","ᔓ","ᔓ","\u1513","\u1513","U+1513","U+1513","sho","Anishinaabemowin"
"ᔕ","ᔕ","ᔕ","\u1515","\u1515","U+1515","U+1515","sha","Anishinaabemowin"
"ᔒ","ᔒ","ᔒ","\u1512","\u1512","U+1512","U+1512","shii","Anishinaabemowin"
"ᔔ","ᔔ","ᔔ","\u1514","\u1514","U+1514","U+1514","shoo","Anishinaabemowin"
"ᔖ","ᔖ","ᔖ","\u1516","\u1516","U+1516","U+1516","shaa","Anishinaabemowin"
"ᔥ","ᔥ","ᔥ","\u1525","\u1525","U+1525","U+1525","sh","Anishinaabemowin"
"ᔩ","ᔩ","ᔩ","\u1529","\u1529","U+1529","U+1529","yii","Anishinaabemowin"
"ᔫ","ᔫ","ᔫ","\u152B","\u152B","U+152B","U+152B","yoo","Anishinaabemowin"
"ᔮ","ᔮ","ᔮ","\u152E","\u152E","U+152E","U+152E","yaa","Anishinaabemowin,nēhiyawēwin"
"ᔾ","ᔾ","ᔾ","\u153E","\u153E","U+153E","U+153E","y","Anishinaabemowin"
"ᐧᐁ","ᐧᐁ","ᐧᐁ","\u1427\u1401","\u1427\u1401","U+1427 U+1401","U+1427 U+1401","we","Anishinaabemowin"
"ᐧᐃ","ᐧᐃ","ᐧᐃ","\u1427\u1403","\u1427\u1403","U+1427 U+1403","U+1427 U+1403","wi","Anishinaabemowin"
"ᐧᐅ","ᐧᐅ","ᐧᐅ","\u1427\u1405","\u1427\u1405","U+1427 U+1405","U+1427 U+1405","wo","Anishinaabemowin"
"ᐧᐊ","ᐧᐊ","ᐧᐊ","\u1427\u140A","\u1427\u140A","U+1427 U+140A","U+1427 U+140A","wa","Anishinaabemowin"
"ᐧᐄ","ᐧᐄ","ᐧᐄ","\u1427\u1404","\u1427\u1404","U+1427 U+1404","U+1427 U+1404","wii","Anishinaabemowin"
"ᐧᐆ","ᐧᐆ","ᐧᐆ","\u1427\u1406","\u1427\u1406","U+1427 U+1406","U+1427 U+1406","woo","Anishinaabemowin"
"ᐧᐋ","ᐧᐋ","ᐧᐋ","\u1427\u140B","\u1427\u140B","U+1427 U+140B","U+1427 U+140B","waa","Anishinaabemowin"
"ᐁᐧ","ᐁᐧ","ᐁᐧ","\u1401\u1427","\u1401\u1427","U+1401 U+1427","U+1401 U+1427","ew","nēhiyawēwin"
"ᐃᐧ","ᐃᐧ","ᐃᐧ","\u1403\u1427","\u1403\u1427","U+1403 U+1427","U+1403 U+1427","iw","nēhiyawēwin"
"ᐅᐧ","ᐅᐧ","ᐅᐧ","\u1405\u1427","\u1405\u1427","U+1405 U+1427","U+1405 U+1427","ow","nēhiyawēwin"
"ᐊᐧ","ᐊᐧ","ᐊᐧ","\u140A\u1427","\u140A\u1427","U+140A U+1427","U+140A U+1427","aw","nēhiyawēwin"
"ᐋᐧ","ᐋᐧ","ᐋᐧ","\u140B\u1427","\u140B\u1427","U+140B U+1427","U+140B U+1427","aaw","nēhiyawēwin"
"ᓬ","ᓬ","ᓬ","\u14EC","\u14EC","U+14EC","U+14EC","l","nēhiyawēwin"
"ᕒ","ᕒ","ᕒ","\u1552","\u1552","U+1552","U+1552","r","nēhiyawēwin"
"᙮","᙮","᙮","\u166E","\u166E","U+166E","U+166E",".","nēhiyawēwin"
"t̲s̲’","t̲s̲’","t̲s̲’","\u0074\u0332\u0073\u0332\u2019","\u0074\u0332\u0073\u0332\u2019","U+0074 U+0332 U+0073 U+0332 U+2019","U+0074 U+0332 U+0073 U+0332 U+2019","ts'","Dakelh,Dane-Ẕaa"
"Á","Á","Á","\u0041\u0301","\u00C1","U+0041 U+0301","U+00C1","A","SENĆOŦEN / Malchosen / Lekwungen / Semiahmoo / TʼSou-ke"
"Ⱥ","Ⱥ","Ⱥ","\u023A","\u023A","U+023A","U+023A","A","SENĆOŦEN / Malchosen / Lekwungen / Semiahmoo / TʼSou-ke"
"B","B","B","\u0042","\u0042","U+0042","U+0042","B","SENĆOŦEN / Malchosen / Lekwungen / Semiahmoo / TʼSou-ke"
"C","C","C","\u0043","\u0043","U+0043","U+0043","C","SENĆOŦEN / Malchosen / Lekwungen / Semiahmoo / TʼSou-ke"
"Ć","Ć","Ć","\u0043\u0301","\u0106","U+0043 U+0301","U+0106","C","SENĆOŦEN / Malchosen / Lekwungen / Semiahmoo / TʼSou-ke"
"Ȼ","Ȼ","Ȼ","\u023B","\u023B","U+023B","U+023B","C","SENĆOŦEN / Malchosen / Lekwungen / Semiahmoo / TʼSou-ke"
"D","D","D","\u0044","\u0044","U+0044","U+0044","D","SENĆOŦEN / Malchosen / Lekwungen / Semiahmoo / TʼSou-ke"
"H","H","H","\u0048","\u0048","U+0048","U+0048","H","SENĆOŦEN / Malchosen / Lekwungen / Semiahmoo / TʼSou-ke"
"Í","Í","Í","\u0049\u0301","\u00CD","U+0049 U+0301","U+00CD","I","SENĆOŦEN / Malchosen / Lekwungen / Semiahmoo / TʼSou-ke"
"J","J","J","\u004A","\u004A","U+004A","U+004A","J","SENĆOŦEN / Malchosen / Lekwungen / Semiahmoo / TʼSou-ke"
"₭","₭","₭","\u20AD","\u20AD","U+20AD","U+20AD","K","SENĆOŦEN / Malchosen / Lekwungen / Semiahmoo / TʼSou-ke"
"Ḵ","Ḵ","Ḵ","\u004B\u0331","\u1E34","U+004B U+0331","U+1E34","K","SENĆOŦEN / Malchosen / Lekwungen / Semiahmoo / TʼSou-ke"
"Ḱ","Ḱ","Ḱ","\u004B\u0301","\u1E30","U+004B U+0301","U+1E30","K","SENĆOŦEN / Malchosen / Lekwungen / Semiahmoo / TʼSou-ke"
"L","L","L","\u004C","\u004C","U+004C","U+004C","L","SENĆOŦEN / Malchosen / Lekwungen / Semiahmoo / TʼSou-ke"
"Ƚ","Ƚ","Ƚ","\u023D","\u023D","U+023D","U+023D","L","SENĆOŦEN / Malchosen / Lekwungen / Semiahmoo / TʼSou-ke"
"M","M","M","\u004D","\u004D","U+004D","U+004D","M","SENĆOŦEN / Malchosen / Lekwungen / Semiahmoo / TʼSou-ke"
"N","N","N","\u004E","\u004E","U+004E","U+004E","N","SENĆOŦEN / Malchosen / Lekwungen / Semiahmoo / TʼSou-ke"
"Ṉ","Ṉ","Ṉ","\u004E\u0331","\u1E48","U+004E U+0331","U+1E48","N","SENĆOŦEN / Malchosen / Lekwungen / Semiahmoo / TʼSou-ke"
"O","O","O","\u004F","\u004F","U+004F","U+004F","O","SENĆOŦEN / Malchosen / Lekwungen / Semiahmoo / TʼSou-ke"
"P","P","P","\u0050","\u0050","U+0050","U+0050","P","SENĆOŦEN / Malchosen / Lekwungen / Semiahmoo / TʼSou-ke"
"Q","Q","Q","\u0051","\u0051","U+0051","U+0051","Q","SENĆOŦEN / Malchosen / Lekwungen / Semiahmoo / TʼSou-ke"
"S","S","S","\u0053","\u0053","U+0053","U+0053","S","SENĆOŦEN / Malchosen / Lekwungen / Semiahmoo / TʼSou-ke"
"Ś","Ś","Ś","\u0053\u0301","\u015A","U+0053 U+0301","U+015A","S","SENĆOŦEN / Malchosen / Lekwungen / Semiahmoo / TʼSou-ke"
"T","T","T","\u0054","\u0054","U+0054","U+0054","T","SENĆOŦEN / Malchosen / Lekwungen / Semiahmoo / TʼSou-ke"
"Ⱦ","Ⱦ","Ⱦ","\u023E","\u023E","U+023E","U+023E","T","SENĆOŦEN / Malchosen / Lekwungen / Semiahmoo / TʼSou-ke"
"Ṯ","Ṯ","Ṯ","\u0054\u0331","\u1E6E","U+0054 U+0331","U+1E6E","T","SENĆOŦEN / Malchosen / Lekwungen / Semiahmoo / TʼSou-ke"
"Ŧ","Ŧ","Ŧ","\u0166","\u0166","U+0166","U+0166","T","SENĆOŦEN / Malchosen / Lekwungen / Semiahmoo / TʼSou-ke"
"U","U","U","\u0055","\u0055","U+0055","U+0055","U","SENĆOŦEN / Malchosen / Lekwungen / Semiahmoo / TʼSou-ke"
"W","W","W","\u0057","\u0057","U+0057","U+0057","W","SENĆOŦEN / Malchosen / Lekwungen / Semiahmoo / TʼSou-ke"
"W̱","W̱","W̱","\u0057\u0331","\u0057\u0331","U+0057 U+0331","U+0057 U+0331","W","SENĆOŦEN / Malchosen / Lekwungen / Semiahmoo / TʼSou-ke"
"X","X","X","\u0058","\u0058","U+0058","U+0058","X","SENĆOŦEN / Malchosen / Lekwungen / Semiahmoo / TʼSou-ke"
"X̱","X̱","X̱","\u0058\u0331","\u0058\u0331","U+0058 U+0331","U+0058 U+0331","X","SENĆOŦEN / Malchosen / Lekwungen / Semiahmoo / TʼSou-ke"
"Y","Y","Y","\u0059","\u0059","U+0059","U+0059","Y","SENĆOŦEN / Malchosen / Lekwungen / Semiahmoo / TʼSou-ke"
"Z","Z","Z","\u005A","\u005A","U+005A","U+005A","Z","SENĆOŦEN / Malchosen / Lekwungen / Semiahmoo / TʼSou-ke"
"gy","gy","gy","\u0067\u0079","\u0067\u0079","U+0067 U+0079","U+0067 U+0079","gy","Sgüüx̱s,Sm'algya̱x"
"k'w","k'w","k'w","\u006B\u0027\u0077","\u006B\u0027\u0077","U+006B U+0027 U+0077","U+006B U+0027 U+0077","k'w","Sgüüx̱s,Sm'algya̱x"
"ky","ky","ky","\u006B\u0079","\u006B\u0079","U+006B U+0079","U+006B U+0079","ky","Sgüüx̱s,Sm'algya̱x"
"k'y","k'y","k'y","\u006B\u0027\u0079","\u006B\u0027\u0079","U+006B U+0027 U+0079","U+006B U+0027 U+0079","k'y","Sgüüx̱s,Sm'algya̱x"
"ü","ü","ü","\u0075\u0308","\u00FC","U+0075 U+0308","U+00FC","u","Sgüüx̱s,Sm'algya̱x,Southern Tutchone"
"üü","üü","üü","\u0075\u0308\u0075\u0308","\u00FC\u00FC","U+0075 U+0308 U+0075 U+0308","U+00FC U+00FC","uu","Sgüüx̱s,Sm'algya̱x"
"ẅ","ẅ","ẅ","\u0077\u0308","\u1E85","U+0077 U+0308","U+1E85","w","Sgüüx̱s,Sm'algya̱x"
"'ẅ","'ẅ","'ẅ","\u0027\u0077\u0308","\u0027\u1E85","U+0027 U+0077 U+0308","U+0027 U+1E85","'w","Sgüüx̱s,Sm'algya̱x"
"xy","xy","xy","\u0078\u0079","\u0078\u0079","U+0078 U+0079","U+0078 U+0079","xy","Sgüüx̱s"
"ch̕","ch̕","ch̕","\u0063\u0068\u0315","\u0063\u0068\u0315","U+0063 U+0068 U+0315","U+0063 U+0068 U+0315","ch","she shashishalhem"
"k̕","k̕","k̕","\u006B\u0315","\u006B\u0315","U+006B U+0315","U+006B U+0315","k","she shashishalhem"
"kw̕","kw̕","kw̕","\u006B\u0077\u0315","\u006B\u0077\u0315","U+006B U+0077 U+0315","U+006B U+0077 U+0315","kw","she shashishalhem"
"ḵ̕","ḵ̕","ḵ̕","\u006B\u0331\u0315","\u1E35\u0315","U+006B U+0331 U+0315","U+1E35 U+0315","k","she shashishalhem"
"ḵw̕","ḵw̕","ḵw̕","\u006B\u0331\u0077\u0315","\u1E35\u0077\u0315","U+006B U+0331 U+0077 U+0315","U+1E35 U+0077 U+0315","kw","she shashishalhem"
"p̕","p̕","p̕","\u0070\u0315","\u0070\u0315","U+0070 U+0315","U+0070 U+0315","p","she shashishalhem"
"tl̕","tl̕","tl̕","\u0074\u006C\u0315","\u0074\u006C\u0315","U+0074 U+006C U+0315","U+0074 U+006C U+0315","tl","she shashishalhem"
"ts̕","ts̕","ts̕","\u0074\u0073\u0315","\u0074\u0073\u0315","U+0074 U+0073 U+0315","U+0074 U+0073 U+0315","ts","she shashishalhem"
"ˀ","ˀ","ˀ","\u02C0","\u02C0","U+02C0","U+02C0","'","she shashishalhem"
"a̱a̱","a̱a̱","a̱a̱","\u0061\u0331\u0061\u0331","\u0061\u0331\u0061\u0331","U+0061 U+0331 U+0061 U+0331","U+0061 U+0331 U+0061 U+0331","aa","Sm'algya̱x"
"aˈa","aˈa","aˈa","\u0061\u02C8\u0061","\u0061\u02C8\u0061","U+0061 U+02C8 U+0061","U+0061 U+02C8 U+0061","a'a","Sm'algya̱x"
"a̱ˈa̱","a̱ˈa̱","a̱ˈa̱","\u0061\u0331\u02C8\u0061\u0331","\u0061\u0331\u02C8\u0061\u0331","U+0061 U+0331 U+02C8 U+0061 U+0331","U+0061 U+0331 U+02C8 U+0061 U+0331","a'a","Sm'algya̱x"
"ʣ","ʣ","ʣ","\u02A3","\u02A3","U+02A3","U+02A3","dz","Sm'algya̱x"
"eˈe","eˈe","eˈe","\u0065\u02C8\u0065","\u0065\u02C8\u0065","U+0065 U+02C8 U+0065","U+0065 U+02C8 U+0065","e'e","Sm'algya̱x"
"ǥ","ǥ","ǥ","\u01E5","\u01E5","U+01E5","U+01E5","g","Sm'algya̱x"
"iˈi","iˈi","iˈi","\u0069\u02C8\u0069","\u0069\u02C8\u0069","U+0069 U+02C8 U+0069","U+0069 U+02C8 U+0069","i'i","Sm'algya̱x"
"kˈ","kˈ","kˈ","\u006B\u02C8","\u006B\u02C8","U+006B U+02C8","U+006B U+02C8","k'","Sm'algya̱x"
"kˈw","kˈw","kˈw","\u006B\u02C8\u0077","\u006B\u02C8\u0077","U+006B U+02C8 U+0077","U+006B U+02C8 U+0077","k'w","Sm'algya̱x"
"kˈy","kˈy","kˈy","\u006B\u02C8\u0079","\u006B\u02C8\u0079","U+006B U+02C8 U+0079","U+006B U+02C8 U+0079","k'y","Sm'algya̱x"
"ḵˈ","ḵˈ","ḵˈ","\u006B\u0331\u02C8","\u1E35\u02C8","U+006B U+0331 U+02C8","U+1E35 U+02C8","k'","Sm'algya̱x"
"ˈl","ˈl","ˈl","\u02C8\u006C","\u02C8\u006C","U+02C8 U+006C","U+02C8 U+006C","'l","Sm'algya̱x"
"ˈm","ˈm","ˈm","\u02C8\u006D","\u02C8\u006D","U+02C8 U+006D","U+02C8 U+006D","'m","Sm'algya̱x"
"ˈn","ˈn","ˈn","\u02C8\u006E","\u02C8\u006E","U+02C8 U+006E","U+02C8 U+006E","'n","Sm'algya̱x"
"oˈo","oˈo","oˈo","\u006F\u02C8\u006F","\u006F\u02C8\u006F","U+006F U+02C8 U+006F","U+006F U+02C8 U+006F","o'o","Sm'algya̱x"
"oy","oy","oy","\u006F\u0079","\u006F\u0079","U+006F U+0079","U+006F U+0079","oy","Sm'algya̱x"
"ooy","ooy","ooy","\u006F\u006F\u0079","\u006F\u006F\u0079","U+006F U+006F U+0079","U+006F U+006F U+0079","ooy","Sm'algya̱x"
"pˈ","pˈ","pˈ","\u0070\u02C8","\u0070\u02C8","U+0070 U+02C8","U+0070 U+02C8","p'","Sm'algya̱x"
"tˈ","tˈ","tˈ","\u0074\u02C8","\u0074\u02C8","U+0074 U+02C8","U+0074 U+02C8","t'","Sm'algya̱x"
"tsˈ","tsˈ","tsˈ","\u0074\u0073\u02C8","\u0074\u0073\u02C8","U+0074 U+0073 U+02C8","U+0074 U+0073 U+02C8","ts'","Sm'algya̱x"
"uˈu","uˈu","uˈu","\u0075\u02C8\u0075","\u0075\u02C8\u0075","U+0075 U+02C8 U+0075","U+0075 U+02C8 U+0075","u'u","Sm'algya̱x"
"üˈü","üˈü","üˈü","\u0075\u0308\u02C8\u0075\u0308","\u00FC\u02C8\u00FC","U+0075 U+0308 U+02C8 U+0075 U+0308","U+00FC U+02C8 U+00FC","u'u","Sm'algya̱x"
"ˈw","ˈw","ˈw","\u02C8\u0077","\u02C8\u0077","U+02C8 U+0077","U+02C8 U+0077","'w","Sm'algya̱x"
"ˈẅ","ˈẅ","ˈẅ","\u02C8\u0077\u0308","\u02C8\u1E85","U+02C8 U+0077 U+0308","U+02C8 U+1E85","'w","Sm'algya̱x"
"ˈy","ˈy","ˈy","\u02C8\u0079","\u02C8\u0079","U+02C8 U+0079","U+02C8 U+0079","'y","Sm'algya̱x"
"xw'","xw'","xw'","\u0078\u0077\u0027","\u0078\u0077\u0027","U+0078 U+0077 U+0027","U+0078 U+0077 U+0027","xw'","Hulʼqʼumiʼnumʼ / Halqʼeméylem / hən̓q̓əmin̓əm̓"
"ddh","ddh","ddh","\u0064\u0064\u0068","\u0064\u0064\u0068","U+0064 U+0064 U+0068","U+0064 U+0064 U+0068","ddh","Southern Tutchone"
"dh","dh","dh","\u0064\u0068","\u0064\u0068","U+0064 U+0068","U+0064 U+0068","dh","Southern Tutchone,ʼWuik̓ala"
"ghw","ghw","ghw","\u0067\u0068\u0077","\u0067\u0068\u0077","U+0067 U+0068 U+0077","U+0067 U+0068 U+0077","ghw","Southern Tutchone"
"khw","khw","khw","\u006B\u0068\u0077","\u006B\u0068\u0077","U+006B U+0068 U+0077","U+006B U+0068 U+0077","khw","Southern Tutchone"
"kʼw","kʼw","kʼw","\u006B\u02BC\u0077","\u006B\u02BC\u0077","U+006B U+02BC U+0077","U+006B U+02BC U+0077","k'w","Southern Tutchone"
"mb","mb","mb","\u006D\u0062","\u006D\u0062","U+006D U+0062","U+006D U+0062","mb","Southern Tutchone"
"nd","nd","nd","\u006E\u0064","\u006E\u0064","U+006E U+0064","U+006E U+0064","nd","Southern Tutchone"
"nj","nj","nj","\u006E\u006A","\u006E\u006A","U+006E U+006A","U+006E U+006A","nj","Southern Tutchone"
"tthʼ","tthʼ","tthʼ","\u0074\u0074\u0068\u02BC","\u0074\u0074\u0068\u02BC","U+0074 U+0074 U+0068 U+02BC","U+0074 U+0074 U+0068 U+02BC","tth'","Southern Tutchone"
"ä","ä","ä","\u0061\u0308","\u00E4","U+0061 U+0308","U+00E4","a","Southern Tutchone"
"ą̈","ą̈","ą̈","\u0061\u0328\u0308","\u0105\u0308","U+0061 U+0328 U+0308","U+0105 U+0308","a","Southern Tutchone"
"ą̈w","ą̈w","ą̈w","\u0061\u0328\u0308\u0077","\u0105\u0308\u0077","U+0061 U+0328 U+0308 U+0077","U+0105 U+0308 U+0077","aw","Southern Tutchone"
"ąw","ąw","ąw","\u0061\u0328\u0077","\u0105\u0077","U+0061 U+0328 U+0077","U+0105 U+0077","aw","Southern Tutchone"
"ąy","ąy","ąy","\u0061\u0328\u0079","\u0105\u0079","U+0061 U+0328 U+0079","U+0105 U+0079","ay","Southern Tutchone"
"äy","äy","äy","\u0061\u0308\u0079","\u00E4\u0079","U+0061 U+0308 U+0079","U+00E4 U+0079","ay","Southern Tutchone"
"ą̈y","ą̈y","ą̈y","\u0061\u0328\u0308\u0079","\u0105\u0308\u0079","U+0061 U+0328 U+0308 U+0079","U+0105 U+0308 U+0079","ay","Southern Tutchone"
"ų̈","ų̈","ų̈","\u0075\u0328\u0308","\u0173\u0308","U+0075 U+0328 U+0308","U+0173 U+0308","u","Southern Tutchone"
"dẕ","dẕ","dẕ","\u0064\u007A\u0331","\u0064\u1E95","U+0064 U+007A U+0331","U+0064 U+1E95","dz","Tāłtān"
"nh","nh","nh","\u006E\u0068","\u006E\u0068","U+006E U+0068","U+006E U+0068","nh","Tāłtān"
"s̱","s̱","s̱","\u0073\u0331","\u0073\u0331","U+0073 U+0331","U+0073 U+0331","s","Tāłtān"
"ts̱","ts̱","ts̱","\u0074\u0073\u0331","\u0074\u0073\u0331","U+0074 U+0073 U+0331","U+0074 U+0073 U+0331","ts","Tāłtān"
"ts̱’","ts̱’","ts̱’","\u0074\u0073\u0331\u2019","\u0074\u0073\u0331\u2019","U+0074 U+0073 U+0331 U+2019","U+0074 U+0073 U+0331 U+2019","ts'","Tāłtān"
"c̓h","c̓h","c̓h","\u0063\u0313\u0068","\u0063\u0313\u0068","U+0063 U+0313 U+0068","U+0063 U+0313 U+0068","ch","Hulʼqʼumiʼnumʼ / Halqʼeméylem / hən̓q̓əmin̓əm̓"
"t̓h","t̓h","t̓h","\u0074\u0313\u0068","\u0074\u0313\u0068","U+0074 U+0313 U+0068","U+0074 U+0313 U+0068","th","Hulʼqʼumiʼnumʼ / Halqʼeméylem / hən̓q̓əmin̓əm̓,ʼWuik̓ala"
"t̓l","t̓l","t̓l","\u0074\u0313\u006C","\u0074\u0313\u006C","U+0074 U+0313 U+006C","U+0074 U+0313 U+006C","tl","Hulʼqʼumiʼnumʼ / Halqʼeméylem / hən̓q̓əmin̓əm̓"
"x̌w","x̌w","x̌w","\u0078\u030C\u0077","\u0078\u030C\u0077","U+0078 U+030C U+0077","U+0078 U+030C U+0077","xw","Hulʼqʼumiʼnumʼ / Halqʼeméylem / hən̓q̓əmin̓əm̓"
"áa","áa","áa","\u0061\u0301\u0061","\u00E1\u0061","U+0061 U+0301 U+0061","U+00E1 U+0061","aa","Lingít,X̱aad Kil / X̱aayda Kil"
"ei","ei","ei","\u0065\u0069","\u0065\u0069","U+0065 U+0069","U+0065 U+0069","ei","Lingít"
"éi","éi","éi","\u0065\u0301\u0069","\u00E9\u0069","U+0065 U+0301 U+0069","U+00E9 U+0069","ei","Lingít"
"ée","ée","ée","\u0065\u0301\u0065","\u00E9\u0065","U+0065 U+0301 U+0065","U+00E9 U+0065","ee","Lingít,X̱aad Kil / X̱aayda Kil"
"k’w","k’w","k’w","\u006B\u2019\u0077","\u006B\u2019\u0077","U+006B U+2019 U+0077","U+006B U+2019 U+0077","k'w","Lingít"
"ḵ’","ḵ’","ḵ’","\u006B\u0331\u2019","\u1E35\u2019","U+006B U+0331 U+2019","U+1E35 U+2019","k'","Lingít"
"ḵ’w","ḵ’w","ḵ’w","\u006B\u0331\u2019\u0077","\u1E35\u2019\u0077","U+006B U+0331 U+2019 U+0077","U+1E35 U+2019 U+0077","k'w","Lingít"
"l’","l’","l’","\u006C\u2019","\u006C\u2019","U+006C U+2019","U+006C U+2019","l'","Lingít"
"s’","s’","s’","\u0073\u2019","\u0073\u2019","U+0073 U+2019","U+0073 U+2019","s'","Lingít"
"óo","óo","óo","\u006F\u0301\u006F","\u00F3\u006F","U+006F U+0301 U+006F","U+00F3 U+006F","oo","Lingít"
"o̱o","o̱o","o̱o","\u006F\u0331\u006F","\u006F\u0331\u006F","U+006F U+0331 U+006F","U+006F U+0331 U+006F","oo","Lingít"
"ó̱o","ó̱o","ó̱o","\u006F\u0331\u0301\u006F","\u00F3\u0331\u006F","U+006F U+0331 U+0301 U+006F","U+00F3 U+0331 U+006F","oo","Lingít"
"x’","x’","x’","\u0078\u2019","\u0078\u2019","U+0078 U+2019","U+0078 U+2019","x'","Lingít"
"x’w","x’w","x’w","\u0078\u2019\u0077","\u0078\u2019\u0077","U+0078 U+2019 U+0077","U+0078 U+2019 U+0077","x'w","Lingít"
"x̱’","x̱’","x̱’","\u0078\u0331\u2019","\u0078\u0331\u2019","U+0078 U+0331 U+2019","U+0078 U+0331 U+2019","x'","Lingít"
"x̱’w","x̱’w","x̱’w","\u0078\u0331\u2019\u0077","\u0078\u0331\u2019\u0077","U+0078 U+0331 U+2019 U+0077","U+0078 U+0331 U+2019 U+0077","x'w","Lingít"
"ąą","ąą","ąą","\u0061\u0328\u0061\u0328","\u0105\u0105","U+0061 U+0328 U+0061 U+0328","U+0105 U+0105","aa","Dane-Ẕaa"
"ae","ae","ae","\u0061\u0065","\u0061\u0065","U+0061 U+0065","U+0061 U+0065","ae","Dane-Ẕaa"
"ea","ea","ea","\u0065\u0061","\u0065\u0061","U+0065 U+0061","U+0065 U+0061","ea","Dane-Ẕaa"
"ęą","ęą","ęą","\u0065\u0328\u0061\u0328","\u0119\u0105","U+0065 U+0328 U+0061 U+0328","U+0119 U+0105","ea","Dane-Ẕaa"
"wą","wą","wą","\u0077\u0061\u0328","\u0077\u0105","U+0077 U+0061 U+0328","U+0077 U+0105","wa","Dane-Ẕaa"
"waa","waa","waa","\u0077\u0061\u0061","\u0077\u0061\u0061","U+0077 U+0061 U+0061","U+0077 U+0061 U+0061","waa","Dane-Ẕaa"
"wąą","wąą","wąą","\u0077\u0061\u0328\u0061\u0328","\u0077\u0105\u0105","U+0077 U+0061 U+0328 U+0061 U+0328","U+0077 U+0105 U+0105","waa","Dane-Ẕaa"
"we","we","we","\u0077\u0065","\u0077\u0065","U+0077 U+0065","U+0077 U+0065","we","Dane-Ẕaa"
"wea","wea","wea","\u0077\u0065\u0061","\u0077\u0065\u0061","U+0077 U+0065 U+0061","U+0077 U+0065 U+0061","wea","Dane-Ẕaa"
"węą","węą","węą","\u0077\u0065\u0328\u0061\u0328","\u0077\u0119\u0105","U+0077 U+0065 U+0328 U+0061 U+0328","U+0077 U+0119 U+0105","wea","Dane-Ẕaa"
"wi","wi","wi","\u0077\u0069","\u0077\u0069","U+0077 U+0069","U+0077 U+0069","wi","Dane-Ẕaa"
"wii","wii","wii","\u0077\u0069\u0069","\u0077\u0069\u0069","U+0077 U+0069 U+0069","U+0077 U+0069 U+0069","wii","Dane-Ẕaa"
"e̱","e̱","e̱","\u0065\u0331","\u0065\u0331","U+0065 U+0331","U+0065 U+0331","e","Tseʼkhene"
"i̱","i̱","i̱","\u0069\u0331","\u0069\u0331","U+0069 U+0331","U+0069 U+0331","i","Tseʼkhene"
"o̱","o̱","o̱","\u006F\u0331","\u006F\u0331","U+006F U+0331","U+006F U+0331","o","Tseʼkhene"
"o̱o̱","o̱o̱","o̱o̱","\u006F\u0331\u006F\u0331","\u006F\u0331\u006F\u0331","U+006F U+0331 U+006F U+0331","U+006F U+0331 U+006F U+0331","oo","Tseʼkhene"
"u̱","u̱","u̱","\u0075\u0331","\u0075\u0331","U+0075 U+0331","U+0075 U+0331","u","Tseʼkhene"
"ɨ","ɨ","ɨ","\u0268","\u0268","U+0268","U+0268","i","Tsilhqotʼin"
"dẑ","dẑ","dẑ","\u0064\u007A\u0302","\u0064\u1E91","U+0064 U+007A U+0302","U+0064 U+1E91","dz","Tsilhqotʼin"
"tŝ","tŝ","tŝ","\u0074\u0073\u0302","\u0074\u015D","U+0074 U+0073 U+0302","U+0074 U+015D","ts","Tsilhqotʼin"
"tŝ’","tŝ’","tŝ’","\u0074\u0073\u0302\u2019","\u0074\u015D\u2019","U+0074 U+0073 U+0302 U+2019","U+0074 U+015D U+2019","ts'","Tsilhqotʼin"
"ŝ","ŝ","ŝ","\u0073\u0302","\u015D","U+0073 U+0302","U+015D","s","Tsilhqotʼin"
"ẑ","ẑ","ẑ","\u007A\u0302","\u1E91","U+007A U+0302","U+1E91","z","Tsilhqotʼin"
"gg","gg","gg","\u0067\u0067","\u0067\u0067","U+0067 U+0067","U+0067 U+0067","gg","Tsilhqotʼin,Nedutʼen / Witsuwitʼen"
"ggw","ggw","ggw","\u0067\u0067\u0077","\u0067\u0067\u0077","U+0067 U+0067 U+0077","U+0067 U+0067 U+0077","ggw","Tsilhqotʼin"
"ŵ","ŵ","ŵ","\u0077\u0302","\u0175","U+0077 U+0302","U+0175","w","Tsilhqotʼin"
"c’","c’","c’","\u0063\u2019","\u0063\u2019","U+0063 U+2019","U+0063 U+2019","c'","Nedutʼen / Witsuwitʼen"
"ë","ë","ë","\u0065\u0308","\u00EB","U+0065 U+0308","U+00EB","e","Nedutʼen / Witsuwitʼen"
"ï","ï","ï","\u0069\u0308","\u00EF","U+0069 U+0308","U+00EF","i","Nedutʼen / Witsuwitʼen"
"əm","əm","əm","\u0259\u006D","\u0259\u006D","U+0259 U+006D","U+0259 U+006D","em","ʼWuik̓ala"
"ə̀m","ə̀m","ə̀m","\u0259\u0300\u006D","\u0259\u0300\u006D","U+0259 U+0300 U+006D","U+0259 U+0300 U+006D","em","ʼWuik̓ala"
"ən","ən","ən","\u0259\u006E","\u0259\u006E","U+0259 U+006E","U+0259 U+006E","en","ʼWuik̓ala"
"ə̀n","ə̀n","ə̀n","\u0259\u0300\u006E","\u0259\u0300\u006E","U+0259 U+0300 U+006E","U+0259 U+0300 U+006E","en","ʼWuik̓ala"
"əl","əl","əl","\u0259\u006C","\u0259\u006C","U+0259 U+006C","U+0259 U+006C","el","ʼWuik̓ala"
"ə̀l","ə̀l","ə̀l","\u0259\u0300\u006C","\u0259\u0300\u006C","U+0259 U+0300 U+006C","U+0259 U+0300 U+006C","el","ʼWuik̓ala"
"úu","úu","úu","\u0075\u0301\u0075","\u00FA\u0075","U+0075 U+0301 U+0075","U+00FA U+0075","uu","X̱aad Kil / X̱aayda Kil"
"i:","i:","i:","\u0069\u003A","\u0069\u003A","U+0069 U+003A","U+0069 U+003A","i:","Hulʼqʼumiʼnumʼ / Halqʼeméylem / hən̓q̓əmin̓əm̓"
"e:","e:","e:","\u0065\u003A","\u0065\u003A","U+0065 U+003A","U+0065 U+003A","e:","Hulʼqʼumiʼnumʼ / Halqʼeméylem / hən̓q̓əmin̓əm̓"
"u:","u:","u:","\u0075\u003A","\u0075\u003A","U+0075 U+003A","U+0075 U+003A","u:","Hulʼqʼumiʼnumʼ / Halqʼeméylem / hən̓q̓əmin̓əm̓"
"o:","o:","o:","\u006F\u003A","\u006F\u003A","U+006F U+003A","U+006F U+003A","o:","Hulʼqʼumiʼnumʼ / Halqʼeméylem / hən̓q̓əmin̓əm̓"
"a:","a:","a:","\u0061\u003A","\u0061\u003A","U+0061 U+003A","U+0061 U+003A","a:","Hulʼqʼumiʼnumʼ / Halqʼeméylem / hən̓q̓əmin̓əm̓"